,id,bet_id,bet_time,payout_time,username,host_id,detail,game_id,round,set,bet_amount,rolling,result_amount,balance,game_type,bet_type,bet_source,transaction_id,state,create_at,update_at
0,1,271.0,2008-11-14 18:05:56,1973-11-12 14:20:02,kwamg,530,xqogh,idwjo,189,808,699,218,915,865,egqow,843,854,55,True,2003-09-07 07:34:24,1983-03-29 19:39:41
1,6,574.0,1990-09-20 17:46:16,2003-06-17 10:17:01,nkrwj,63,epfqg,txvcc,423,29,926,714,815,72,tqiyf,387,131,473,False,2004-03-06 16:19:49,1979-09-03 13:42:47
2,7,830.0,1989-12-12 21:48:00,1974-09-28 08:27:34,vfxsp,415,fqpgx,muirb,1007,18,867,867,116,468,zquqv,187,627,907,True,2004-12-26 01:07:58,1991-05-25 03:39:28
3,10,820.0,2003-12-07 09:06:47,1989-05-03 05:14:18,fawuh,1015,rgsmq,ldsdp,168,66,1014,416,365,139,ulqrd,300,799,691,False,1994-01-02 03:30:53,2021-09-07 15:12:43
4,11,1021.0,2018-04-04 02:52:38,2020-08-10 00:04:19,zinwc,294,qhupq,wxtif,833,696,866,503,282,569,nkblw,163,413,888,False,1989-03-07 17:33:53,1977-03-09 02:07:21
5,14,220.0,1980-06-16 02:45:00,1985-04-01 02:23:42,psbzj,976,dwawr,iisya,921,708,833,519,345,134,dbkgz,732,276,926,True,1987-07-27 01:08:24,1979-06-13 08:07:24
6,15,156.0,1972-07-28 14:19:25,2009-08-28 18:41:47,yxlxt,809,jevkb,omrft,793,285,706,77,469,58,ogory,306,960,25,False,1992-02-19 06:23:45,2023-03-23 15:32:13
7,16,53.0,2002-05-27 16:35:34,1976-12-19 04:59:42,nljjq,540,bbfek,jejqo,612,979,258,83,977,226,ilugb,578,790,39,True,2007-04-22 04:51:39,1973-07-19 06:21:06
8,17,864.0,1997-06-18 09:15:34,1971-12-13 04:52:51,bpfkc,18,zoqsp,sdsnv,430,224,296,471,548,320,sonro,584,6,368,True,1983-05-20 13:29:34,2001-04-03 21:16:35
9,18,680.0,1999-08-04 10:58:30,2019-11-15 08:35:14,lbdym,23,qbpuh,cmfru,395,483,667,694,674,477,dpxsd,1003,420,622,True,2013-09-16 04:03:04,1972-02-17 19:02:49
10,19,408.0,1988-02-09 07:40:23,2001-11-23 20:50:15,ovjdh,520,ontmg,tiwjy,203,364,234,433,799,849,iyiol,625,439,186,False,2022-01-04 18:48:20,2015-10-24 14:07:36
11,20,981.0,1982-11-22 11:18:23,1988-06-24 13:33:55,xmxjl,482,nrskr,pugsq,444,746,651,292,93,660,zckmi,165,908,305,False,1980-04-20 09:29:43,1987-04-26 13:00:43
12,21,297.0,1990-09-30 11:14:05,2016-08-16 23:04:56,yvjby,496,zgovx,filzb,874,586,887,18,635,886,pvyio,317,603,575,True,2007-09-25 18:17:35,2023-06-12 13:25:47
13,22,961.0,2021-04-05 16:16:30,2020-09-13 01:03:12,bdkvx,32,ksqym,oalsx,838,415,644,152,1000,247,rwqtl,306,176,268,True,1972-07-15 20:32:59,2014-11-15 07:24:35
14,23,61.0,2020-07-07 06:53:23,2006-07-14 01:37:36,cfvzs,346,uaqld,yvbqb,996,372,104,362,943,723,naaki,806,311,849,True,2021-10-14 03:21:53,1988-05-16 14:08:47
15,24,1022.0,1983-09-27 23:51:18,1991-06-03 20:43:07,ztvkx,247,sdmti,vqyxo,791,478,185,340,477,102,xzqet,710,140,757,True,2017-01-11 05:48:51,1977-03-07 13:22:24
16,25,859.0,1983-12-11 11:19:12,2007-10-16 18:29:33,rbymx,378,ebcum,npljx,386,426,949,887,564,368,swvvb,463,626,546,False,2002-06-23 11:15:42,1977-11-30 12:45:56
17,26,351.0,1998-03-11 13:15:33,1975-08-26 05:42:31,zziqw,675,lwkmm,rsiis,70,392,12,625,700,753,fiigk,279,108,565,False,1993-07-11 04:29:40,1996-04-27 03:04:06
18,27,430.0,1987-11-19 05:57:28,1984-08-10 17:54:53,exyoj,950,plrot,pxefo,483,384,333,553,726,1020,pmoyr,22,92,449,False,1983-05-07 20:42:48,1971-11-25 20:23:25
19,28,911.0,1990-10-07 08:27:32,1994-08-07 23:34:18,cfmly,543,jlfeq,krqer,393,844,225,502,904,217,pelce,301,734,561,False,1985-12-09 02:15:11,1998-07-17 21:59:33
20,29,576.0,1970-07-05 10:36:04,1970-04-18 12:27:36,dtfcs,846,dqlrh,kgdnb,616,545,799,926,829,380,rmpsa,970,913,41,True,2019-08-12 22:49:46,1998-07-07 00:04:46
21,30,782.0,2002-08-27 18:11:14,2017-10-30 20:21:14,jniwj,391,njihb,wnuls,367,478,715,614,7,840,lphjc,221,436,928,True,1981-05-10 08:39:49,1991-08-02 20:53:34
22,31,978.0,1996-05-12 03:56:18,2008-10-23 17:42:22,mrlmk,466,jidtv,cljob,460,155,555,536,101,264,gzqbb,608,117,791,False,2006-07-17 03:45:22,1979-02-13 03:43:34
23,32,845.0,2020-06-26 17:45:39,2009-04-17 23:24:22,lccaa,565,xnjid,daknu,63,633,233,265,66,1022,eches,957,927,112,True,1978-05-30 01:36:51,1993-09-10 11:53:08
24,33,433.0,2010-09-23 10:22:05,1989-08-17 11:28:57,gghhb,416,mhpcj,evico,1023,515,538,596,782,4,zjhgo,586,582,533,True,2012-01-31 20:59:25,2013-06-09 00:00:49
25,34,703.0,2009-12-12 19:45:48,2011-01-22 16:07:25,okevn,980,exdoo,suqeu,847,539,393,906,297,948,dhwsd,227,236,367,False,2018-04-15 17:41:38,1980-02-18 23:28:43
26,35,847.0,2009-07-25 09:31:53,1981-09-25 04:13:26,ceulg,667,stufi,puggi,192,577,845,765,509,934,kpwlw,918,247,460,False,2022-06-25 22:46:35,2011-07-30 18:22:04
27,36,370.0,1978-01-01 22:33:11,2003-10-26 23:28:33,dofwr,876,olope,isuvl,158,529,932,853,523,862,wxeus,719,74,492,False,1981-04-09 16:19:19,1993-01-15 05:13:44
28,37,509.0,2000-01-26 05:59:29,2009-02-18 22:31:01,tepfg,331,krasv,shxef,873,451,91,24,910,15,bbciz,758,55,938,False,2004-03-15 03:09:19,1995-03-15 21:23:27
29,38,131.0,1981-02-07 14:46:32,1989-10-16 13:31:54,yfjth,409,idgfk,ipret,796,857,594,265,279,7,xquso,676,586,549,False,2003-12-12 20:31:48,1979-11-21 08:45:24
30,39,800.0,1990-09-17 04:33:10,2007-02-09 18:31:19,oagrs,290,fosgj,inenv,835,479,335,410,362,264,ohmnj,998,736,910,False,1972-04-22 15:13:55,2013-02-08 09:19:05
31,40,296.0,1999-07-27 22:25:57,1976-12-21 20:16:19,espfd,241,xdfvg,gpist,640,1023,423,1021,245,884,zhctn,1009,643,546,True,2010-08-30 10:48:57,1973-11-14 14:54:09
32,41,208.0,2007-01-03 06:13:34,2016-07-27 22:06:39,epygs,110,sgwlx,wdwur,865,41,845,673,500,122,prvua,618,367,348,True,2022-03-18 01:33:58,2015-06-14 13:26:48
33,42,172.0,2020-02-15 13:05:14,1973-03-29 20:36:03,tlfte,990,nlesr,iugjx,823,472,473,15,461,107,bvumq,318,854,687,False,1984-04-20 03:36:54,2016-12-15 04:41:32
34,43,33.0,2010-04-28 08:22:15,2010-04-01 12:09:53,nvebd,741,fcrcy,uyjsf,809,941,534,206,526,898,ypolp,542,309,710,True,1986-11-03 18:08:27,1971-04-23 21:42:12
35,44,302.0,1988-05-29 03:01:35,2001-02-07 06:34:44,qhavj,670,qsclg,elybq,287,764,979,421,266,694,ngajg,165,2,111,False,1981-02-23 07:21:10,1991-03-01 23:36:03
36,45,694.0,1977-11-03 08:20:52,1971-03-28 03:33:50,cglln,601,mtovw,ibjby,74,52,23,884,539,898,wrhjb,485,966,837,True,2020-04-03 23:01:59,1980-06-23 10:20:12
37,46,701.0,1983-03-09 17:03:19,2019-11-28 15:25:23,vexlz,1008,bjdbw,afhxd,425,850,738,906,472,184,qrdpg,543,462,719,True,1997-03-17 18:32:39,1990-09-18 19:17:09
38,47,419.0,1975-09-17 18:17:20,1999-10-30 11:41:01,qoemf,431,pruer,zclgb,132,599,816,635,753,634,gjgob,981,738,652,True,1983-02-19 05:48:09,1973-03-31 11:43:45
39,48,797.0,2020-11-29 15:50:55,1995-01-13 13:19:27,skfjn,737,oobye,kflhb,333,72,15,66,683,691,cmrov,850,299,1011,False,2004-04-16 13:03:31,1992-09-10 19:09:17
40,49,247.0,2014-12-29 10:43:53,1973-10-17 22:44:54,siiyb,129,yiouo,kufeg,758,839,569,741,805,947,yfuds,454,829,897,False,2008-03-03 23:49:27,1978-01-22 13:15:46
42,9,82.0,1989-12-12 21:48:00,2014-10-18 06:54:50,vvlhx,29,heywg,gvrel,876,878,520,804,815,275,sazqp,736,458,583,False,1988-07-01 08:09:26,1985-06-25 19:53:57
45,50,510.0,1978-01-25 01:36:21,2013-11-12 01:56:19,tppdd,720,uifuv,ntfcg,483,444,560,818,497,596,bgfre,312,1018,11,True,1977-05-03 08:23:13,1975-03-21 09:25:56
46,51,593.0,2022-01-05 11:52:04,2021-04-13 06:53:12,wdjog,66,bvbuv,lsdpo,905,727,32,674,360,288,gkens,995,699,280,False,2005-06-19 08:44:40,1976-10-14 03:28:46
47,52,616.0,1985-07-26 16:29:32,1983-03-03 10:04:17,rtjkb,521,eyrtg,mkbmm,68,175,259,746,163,441,qexuw,148,99,80,True,1970-10-20 02:25:36,1995-12-28 04:02:01
49,54,171.0,1996-10-09 20:07:51,1978-05-03 08:19:04,jssfk,764,nzbod,xpfrv,607,387,857,573,397,11,mlrtf,884,117,459,False,1978-02-11 09:51:08,2001-10-20 05:35:45
50,55,456.0,2015-07-16 10:26:43,1977-09-22 12:31:21,jvnjt,914,krbls,jlhdj,351,61,575,12,604,858,zhqqo,395,376,407,False,1979-03-10 12:48:14,1981-10-22 14:54:52
51,56,641.0,1988-02-08 12:13:18,1991-01-29 12:21:02,kgpwd,959,jbuxz,jugpf,843,335,576,409,447,498,kookm,677,792,421,True,2019-03-07 17:25:47,1976-06-05 07:45:03
52,57,811.0,2018-05-06 09:35:58,2009-06-30 06:26:19,xioxj,568,npoov,wbvhi,466,609,101,838,893,636,igmgy,814,358,311,False,1988-04-01 16:06:29,1975-01-19 09:01:41
53,58,919.0,2010-06-14 03:23:06,1977-03-05 04:05:50,ppesj,205,vjcoj,aploo,324,494,979,457,475,223,pigpf,525,857,437,True,2000-10-08 05:36:47,1992-10-01 18:24:10
54,59,18.0,2003-01-14 20:36:55,1972-03-15 02:03:41,qwofv,869,fygyn,tvtko,530,397,376,446,300,9,fseum,331,797,60,False,2015-05-05 17:09:42,1978-12-16 09:05:58
55,60,937.0,2000-11-22 13:57:30,1979-02-08 13:04:08,jgdpr,447,fnnfq,swqmz,586,667,131,608,908,548,gyrue,293,870,856,False,2019-12-18 00:07:06,1985-09-13 02:58:28
56,61,112.0,1989-05-31 21:36:13,2023-06-24 07:26:08,qqcmy,773,sqvwr,ydqdn,975,373,36,693,302,903,xrsty,99,703,284,False,1985-05-19 13:05:46,1986-08-02 23:55:43
57,62,261.0,2011-09-23 23:38:34,2021-11-21 14:56:09,rxltu,908,emmxw,gblyb,74,1014,718,390,300,72,vnjgr,1016,874,348,False,2008-12-02 15:01:19,2007-07-14 19:47:48
58,63,728.0,1983-11-25 14:41:17,1975-07-21 02:07:27,mylvt,830,vbyfh,xbced,264,332,272,715,944,152,hyrln,101,893,637,False,2019-08-30 00:20:13,2022-08-29 10:21:22
60,65,928.0,1991-02-14 08:21:31,1970-10-16 17:06:45,dkrbg,244,pywkv,vrxbj,441,735,306,350,918,278,uvlpg,100,921,881,False,1977-10-21 12:57:35,2001-03-25 01:55:47
61,66,712.0,2011-06-13 08:13:40,1976-10-03 00:02:50,fmsdr,877,vkdsr,soyma,344,892,867,721,794,867,ihmwm,199,349,234,True,2014-10-28 22:48:33,1975-12-25 02:38:04
62,67,125.0,1988-07-09 12:46:23,2005-10-04 02:33:23,zkpeq,276,gxqop,bqjvu,205,285,181,412,900,851,cqksr,610,742,902,False,1995-12-05 13:01:44,1997-10-04 05:06:04
63,68,904.0,1971-09-24 16:52:05,2008-01-08 15:16:40,lttci,694,svpqr,dvnnj,978,824,1022,360,1000,903,kictd,94,703,677,True,2023-01-31 07:01:05,1988-04-09 23:11:25
64,69,63.0,1986-06-21 10:04:57,2021-09-15 14:14:42,qfwcb,610,wtgim,hjpsg,553,534,472,885,955,204,jjpxx,887,459,410,True,2012-11-29 06:32:31,2006-07-13 22:53:37
66,71,789.0,2019-02-14 21:09:54,1989-01-20 13:03:07,cjufh,734,ipzlx,pchiw,146,158,191,48,29,213,faqnc,547,508,325,False,2004-01-01 17:14:33,2008-08-21 02:43:55
67,72,543.0,2010-11-05 18:17:51,1990-02-22 21:57:05,uihkl,603,wovsr,dwixr,981,966,528,333,483,138,sallt,42,633,240,False,1999-05-23 05:44:49,1973-12-22 16:15:47
68,73,135.0,1988-11-19 17:28:23,2008-06-18 18:35:15,wblcd,159,itgya,jfjmu,259,815,98,316,659,333,ejzll,200,467,900,False,2019-08-13 00:40:58,1994-04-13 03:30:29
69,74,364.0,2009-10-06 12:29:24,1995-10-10 23:52:35,qufwu,297,ukkmi,kvkhf,119,859,36,990,433,134,djdlj,407,865,42,True,2004-11-02 16:19:40,1985-01-28 19:53:25
70,75,71.0,1990-01-05 18:31:05,1974-09-12 16:44:37,cutly,952,aqwgi,tjsjp,127,588,849,290,968,223,eknwk,921,668,17,False,2009-03-26 13:45:06,1996-08-20 23:07:40
71,76,853.0,1975-05-17 21:32:35,1981-11-20 11:25:10,jxmlu,33,appkt,ujhcr,108,53,600,165,645,963,fmjwd,533,809,889,False,1984-04-16 08:20:53,1996-10-01 14:19:02
72,77,169.0,2006-02-07 02:38:41,2008-06-19 16:43:30,ddhrl,536,aicbh,vchmc,167,870,197,567,582,631,trocb,462,479,584,False,1986-02-14 11:14:21,1989-06-16 03:16:38
73,78,245.0,2001-11-03 05:55:12,2023-02-03 12:15:09,juehh,800,ooqxp,pnwfv,499,258,446,641,420,559,lfmsj,937,491,257,True,1985-05-02 23:23:56,1995-03-22 16:42:34
74,79,238.0,2012-09-12 11:58:29,2019-02-14 02:35:17,cdkkj,937,aherl,psxlc,615,429,480,79,133,779,wdcvh,543,556,649,False,2018-05-19 04:18:41,2015-01-21 18:00:44
75,80,235.0,2022-08-30 05:00:58,2015-01-18 11:05:05,qilql,302,whgeu,vcwjg,635,200,317,395,539,842,swgqz,108,822,323,False,1986-01-27 11:32:37,2016-12-28 09:38:31
76,81,652.0,2003-10-11 23:21:43,2005-09-30 12:32:38,sljbl,80,xiumo,orutg,80,267,636,544,203,836,uwzvy,929,358,427,False,1972-06-08 00:27:13,1981-04-25 23:40:40
77,82,666.0,1992-11-19 14:46:03,1983-05-08 23:01:19,mlcyh,757,nlreb,madrn,146,893,325,765,811,978,etvrn,14,461,933,True,2010-01-08 12:09:02,1991-12-28 09:36:46
78,83,395.0,2018-09-18 01:56:36,1992-01-10 11:14:09,khkho,635,zupmv,wlhzm,863,801,674,262,772,554,eyefy,679,419,768,True,2003-02-22 01:37:29,1987-04-03 16:49:39
79,84,713.0,2008-08-14 04:48:09,2020-02-25 04:04:55,joxib,899,nsdbw,nwdeq,130,524,856,233,277,647,svwwc,655,881,763,False,1971-04-23 00:22:08,1981-12-10 11:01:36
80,85,984.0,1990-01-04 17:41:25,2019-08-19 00:03:55,emasu,1017,tvhmd,rrvid,864,841,380,747,12,661,lhztz,420,444,999,True,2010-05-31 20:00:51,1973-09-02 02:11:44
81,86,309.0,1997-11-11 02:45:19,1984-04-12 18:40:26,lwtfn,344,mrqbw,ttavn,178,541,441,34,339,666,imnpm,561,479,717,False,1978-10-17 08:08:57,1993-10-02 06:22:48
82,87,618.0,1992-10-28 03:00:59,2000-01-23 05:47:06,lscve,424,rbsgi,nywkz,526,52,528,91,346,58,sfmfp,532,842,1006,False,1998-09-27 01:48:52,2003-08-03 11:23:19
83,88,130.0,2007-01-17 13:38:10,2003-07-10 14:47:28,oxnzi,916,hufhp,byvbk,288,284,987,412,391,991,piihq,617,368,991,True,2007-07-20 00:11:05,2005-11-02 22:57:30
84,89,773.0,2000-10-04 11:56:56,1971-10-01 13:51:40,tyusd,402,yycyi,quujy,526,709,338,460,171,753,mkayr,378,930,958,True,1996-11-12 17:32:04,1973-10-20 17:43:50
85,90,3.0,2016-01-23 17:50:13,1984-02-10 04:14:15,dgbgh,217,rtnge,lclnp,341,224,298,375,645,788,gmcxn,13,687,231,True,1991-02-16 06:15:57,2000-11-12 01:07:27
86,91,1019.0,2007-01-27 03:06:47,1982-04-02 09:55:46,svsgh,323,fluyb,xtuvt,67,320,972,128,165,318,mwqlo,428,62,264,False,1991-01-07 06:55:29,2022-06-12 03:03:09
87,92,260.0,2016-08-22 03:57:34,2018-11-24 15:50:21,uvqtp,219,mkexp,flxfh,912,778,191,438,406,752,qceui,607,448,306,True,1993-07-10 10:05:54,2000-03-24 17:08:22
88,93,499.0,1970-09-22 04:38:34,1999-03-27 10:29:34,tvccb,748,qgpyj,dofte,402,555,979,886,447,296,ahjup,334,851,262,False,1991-12-08 15:43:50,2001-06-10 18:28:52
89,94,273.0,1975-05-06 23:11:16,1992-08-17 15:07:49,rqjpo,956,kfzkr,bvcfb,681,713,809,2,564,798,bqxfu,164,804,993,True,1981-01-10 16:58:53,1990-04-08 22:47:10
90,95,465.0,2002-05-28 00:49:52,1971-05-30 23:15:01,vpaob,832,ppzzk,aywyg,594,464,834,546,770,170,pkszq,167,910,749,False,1992-02-10 20:10:44,2004-09-14 11:25:44
91,96,922.0,1978-10-15 13:37:32,1991-03-20 22:59:11,fwlvn,554,fkhfi,raznr,727,550,824,91,778,460,zhxdu,985,415,202,False,1972-05-18 04:21:56,2014-11-03 20:02:42
92,97,246.0,2016-09-28 09:17:42,1979-12-06 11:20:13,mlmym,585,cwdnh,ucrpi,260,74,905,855,879,154,nggiu,9,389,969,False,1998-02-07 11:39:51,1999-11-10 18:50:50
93,98,690.0,2005-04-10 16:36:09,2009-10-03 15:27:54,xsojt,842,vutwm,dtqsa,219,161,416,495,860,928,ykhfa,888,541,943,False,1978-12-05 23:37:25,2020-08-24 06:39:30
94,99,329.0,2012-06-18 22:49:37,2021-08-17 00:48:14,tihnz,1001,zpxzh,xqvpv,835,90,204,889,790,974,xsloy,225,509,988,True,1974-11-08 20:34:02,1989-06-24 01:53:16
95,100,903.0,1992-07-23 08:15:20,1978-09-20 08:37:22,txsgx,337,ijapk,srjbb,447,551,373,964,848,366,xpmdt,66,112,97,True,2010-04-25 05:48:35,1977-02-02 08:30:42
96,101,657.0,2017-06-22 15:38:21,1995-12-19 15:49:40,qippa,698,xwuja,bqnal,886,730,834,900,616,227,wbysp,120,35,92,True,2020-10-12 15:12:55,1986-05-22 07:54:08
97,102,620.0,2003-02-21 06:37:38,2000-06-13 08:33:37,xviky,351,qhxgk,dkoyi,74,576,363,378,675,48,povqe,246,706,367,False,2013-06-30 11:25:39,2021-07-22 21:34:40
98,103,88.0,1995-03-26 05:54:49,2016-01-01 11:19:49,rrwpp,914,obgrk,twbal,802,99,446,943,441,965,cviwa,47,199,711,False,1974-07-08 21:36:32,2012-04-18 04:31:05
99,104,995.0,1978-11-02 23:07:47,1999-08-03 13:47:37,rthaj,484,gcfih,tdbml,456,47,199,94,527,657,eiocn,815,520,866,True,1996-10-02 10:54:40,1997-03-30 04:23:45
100,105,94.0,1970-08-09 23:06:29,1992-02-11 17:38:27,tdrnm,619,texqg,elaiv,463,312,564,892,379,226,obueg,82,805,389,True,2014-10-30 10:31:58,2004-04-12 02:02:29
101,106,975.0,2017-01-13 10:03:24,1988-01-10 10:28:05,gprtc,477,dwngg,dboqh,474,477,679,327,593,448,glgoq,596,894,147,True,2020-11-23 07:34:31,1984-03-30 22:56:20
102,107,526.0,1978-04-27 04:21:56,1997-03-07 01:05:24,dzoou,937,bpoag,jbjco,123,9,661,246,882,523,ncuqh,685,125,909,False,2020-04-02 12:34:10,1999-08-25 12:28:38
103,108,149.0,1995-12-08 21:11:46,1998-11-25 17:35:11,badue,477,envfe,swkso,317,345,373,315,649,73,mwjmi,195,621,740,True,1975-08-11 05:04:09,2019-01-26 11:41:31
104,109,240.0,1973-01-05 14:16:41,2023-05-19 11:07:35,kvhhj,268,snhyr,khxcs,402,938,845,130,1018,865,hcmmb,314,897,1016,False,2014-10-11 19:08:17,1981-12-14 18:07:19
105,110,51.0,1998-10-04 22:25:16,2015-11-19 18:29:15,iwlln,213,lkelj,rcewg,812,117,33,364,804,569,qlbwk,318,171,562,False,1990-09-08 20:00:08,1994-09-07 06:39:43
106,111,366.0,1991-11-13 11:26:58,1978-01-21 09:10:38,jptyl,711,hvilf,zwcid,796,706,465,554,323,41,oaelt,610,141,558,False,2001-03-11 00:24:49,1970-09-04 08:46:45
107,112,410.0,2000-10-27 04:29:19,1981-07-09 02:56:30,ebqpz,946,difjc,upktx,85,772,786,288,382,840,wujwv,680,786,811,False,1981-09-01 13:55:28,1993-11-14 14:37:50
108,113,151.0,2019-04-27 07:23:55,1974-06-06 18:36:56,erltc,193,cskna,zjsfb,335,304,293,910,125,455,kimud,871,920,640,True,1980-08-13 15:55:55,1973-09-20 15:30:05
109,114,785.0,2011-01-25 21:13:57,1985-06-06 02:51:25,fbjwf,316,nhomu,tbuut,1003,833,861,477,804,197,obcne,142,198,517,True,2003-01-16 05:14:45,2017-09-04 13:34:49
110,115,556.0,2004-07-11 22:52:48,1995-01-28 08:34:25,yghtd,598,ilufe,oqmlb,13,191,259,779,650,73,vgggi,441,343,324,True,2000-03-19 14:31:26,1999-11-11 16:20:03
111,116,566.0,1976-12-28 08:06:01,2001-07-14 04:02:30,mngxf,787,xejkw,ipxsh,671,832,943,968,210,946,uavmj,221,704,925,True,1989-09-30 19:29:50,2001-05-16 18:59:58
112,117,746.0,1976-06-15 10:46:57,1989-07-04 05:46:54,mmbye,352,ydnme,ijzlq,31,260,776,108,873,439,yninn,248,852,249,True,2011-01-27 10:31:12,2020-11-05 18:03:23
113,118,279.0,1980-11-02 23:21:41,2001-06-17 07:09:04,stlws,864,bjolw,diuct,129,273,1021,897,259,678,mpjfi,475,703,124,False,2023-07-26 12:51:55,1988-01-26 19:14:52
114,119,625.0,1985-07-05 02:58:08,2006-07-08 08:56:05,bncze,525,jrgyc,ymmjs,716,630,817,478,79,878,ldruw,491,374,673,True,1988-02-06 23:07:33,2002-02-16 09:11:46
115,120,487.0,2011-08-10 22:39:51,1994-02-23 15:04:12,siksb,587,puctv,mzeae,810,336,247,490,117,655,wkdcq,776,631,581,False,1999-03-30 08:36:29,1980-11-27 17:58:41
116,121,724.0,2020-05-13 15:43:12,1985-10-18 00:30:19,wjdev,83,rgjnb,kelib,152,812,1018,934,255,830,fngkf,389,867,360,True,2012-11-28 09:39:45,1996-11-06 21:20:15
117,122,979.0,1983-12-27 09:07:51,1974-05-13 05:39:52,fjbhl,91,omteg,dxden,519,123,946,524,977,900,swuhw,805,719,169,False,2010-03-03 21:10:04,2002-03-03 02:15:51
119,124,357.0,1986-01-28 13:27:08,2007-09-19 11:17:31,muqsp,969,fssvk,bkmbo,695,727,1013,567,431,854,ehqpa,209,781,797,False,1997-07-02 12:20:02,2006-02-07 10:59:31
121,126,102.0,1999-07-01 22:30:07,2015-09-01 06:07:48,sqerd,621,ocjew,voyrc,362,81,612,137,973,930,nvecw,190,184,474,False,2013-01-25 23:26:28,1970-06-27 11:29:49
122,127,116.0,2015-10-29 18:20:13,1999-02-22 21:32:02,lcbtq,258,lsgvm,nhdsb,953,653,761,750,913,619,oeujg,311,11,987,True,1971-10-03 03:57:44,2006-05-19 21:37:00
123,128,438.0,2010-07-04 14:19:54,1999-06-27 06:15:00,msonb,704,vtjnp,hpbeb,928,938,897,398,684,505,qxmdq,513,67,423,True,2000-04-15 13:27:33,1987-09-15 04:00:01
124,129,191.0,1998-03-10 04:37:12,1995-02-28 07:16:55,qtfqr,852,mkixp,lwpsu,438,940,300,557,657,804,dfpeu,497,224,679,False,1976-03-01 12:39:46,2022-09-01 16:24:27
125,130,592.0,2013-06-06 06:23:15,1993-03-14 06:32:19,giysp,105,csoyv,fbwyr,290,902,707,399,49,74,ldxhl,118,400,458,False,1993-06-04 04:51:03,1975-12-04 12:29:01
126,131,11.0,1991-03-24 13:15:14,2000-01-12 13:55:02,qtuep,34,bruqd,otyds,710,792,811,125,272,405,ctxog,992,958,233,False,1987-12-21 22:28:31,2014-01-12 10:35:46
127,132,42.0,2020-08-01 11:37:03,2012-05-08 13:41:50,cokmk,969,xenyo,ixbhz,684,450,162,15,578,873,peley,828,671,698,True,2005-09-29 23:12:42,1970-10-15 20:42:34
130,135,36.0,2017-06-20 13:59:13,2022-07-17 11:13:31,rhrtv,263,fnwxq,dtftm,146,14,441,750,524,141,yljnd,428,757,381,True,2003-09-06 19:21:37,1982-06-15 19:26:27
131,136,66.0,1995-02-01 09:59:36,2008-02-02 11:07:45,boele,288,clplk,byljl,225,861,542,856,395,915,weotz,244,642,585,False,2021-12-25 13:43:40,1975-11-27 01:39:02
132,137,902.0,1970-02-25 11:53:39,2023-06-29 04:28:22,emtpc,13,hbuih,kbgtu,317,591,1003,359,307,817,lqpwr,515,908,135,True,1976-06-23 06:38:53,1977-08-04 00:00:19
133,138,498.0,2018-05-05 12:21:17,1989-05-07 03:03:03,gucmm,506,ygezy,oojny,807,136,50,42,710,759,xhsyo,865,515,371,True,1972-09-28 22:55:54,1982-09-25 12:42:38
134,139,512.0,2009-07-31 23:07:00,1978-04-30 16:27:38,mdglk,323,axqjj,htbyc,389,387,737,400,734,35,vdrtp,277,1016,367,True,2009-05-12 11:21:49,1989-02-09 08:11:53
135,140,897.0,2012-03-29 06:04:09,2005-06-14 00:24:59,epvck,318,yqifq,roszw,448,274,967,554,781,788,diber,730,949,646,True,2001-02-24 03:46:54,2021-01-18 17:49:05
137,142,808.0,2017-09-04 08:26:47,1979-05-19 03:24:30,thmdb,318,wvxlo,xptbp,809,572,201,296,172,745,sxjtu,901,941,730,True,1992-08-11 01:18:31,1985-04-10 15:10:54
139,144,178.0,2011-07-03 07:44:07,2012-04-20 23:05:43,rfttf,163,pdniv,knafa,308,980,69,618,1001,382,pwcby,828,515,311,False,1979-11-13 13:10:16,1974-08-23 03:41:42
141,146,771.0,1980-07-04 01:32:34,2008-10-23 10:09:13,dhomr,944,bvdoy,jgdsn,481,134,152,799,133,20,lugow,761,777,514,True,2003-12-14 15:06:02,2018-01-19 09:17:41
142,147,168.0,2019-04-09 13:24:30,1995-01-01 04:40:05,jptsh,266,tgobk,yklps,9,453,93,300,690,848,mkzng,312,23,567,True,1993-06-07 14:38:52,1973-03-31 10:10:20
143,148,762.0,2004-09-30 03:05:44,1984-03-07 11:22:35,ojftk,249,zdbgs,tfpjz,988,727,368,271,591,856,oqceq,94,526,219,True,1992-12-27 20:07:37,1976-10-02 21:17:00
144,149,1011.0,1988-06-06 20:36:47,1996-03-02 17:05:35,agdwx,211,vnbkf,bvffu,934,95,696,678,758,917,fxkhx,743,656,91,False,1987-05-08 13:41:11,2017-08-13 09:25:42
145,150,349.0,2016-05-15 21:10:54,1970-06-06 23:54:40,cwswk,474,wogwm,sqhpk,408,389,163,53,177,401,bfdrl,900,151,252,False,1996-09-11 17:54:13,1975-01-28 18:19:45
147,152,50.0,2011-08-26 15:41:39,1996-07-12 11:00:47,wulnr,295,rvyrc,miwcz,412,391,122,862,978,421,vsctf,794,66,828,False,2016-05-23 12:25:46,1995-09-08 03:34:37
148,153,624.0,2010-10-15 19:15:11,2010-12-07 11:22:42,lxjlk,410,jqbuy,xhfkw,785,94,232,533,164,154,kimph,614,573,200,True,1971-05-24 22:07:33,1973-10-19 19:32:21
149,154,389.0,2001-05-19 05:15:39,2017-09-23 04:13:14,enrqr,193,cxkoh,mvicx,452,22,732,406,202,866,uvrnl,236,604,233,True,1994-04-06 13:13:40,1980-10-19 03:30:40
150,155,708.0,2020-07-17 12:21:28,2008-09-22 08:59:23,nokrv,767,hsxmw,dovrc,619,375,596,116,451,153,ufnvt,102,736,464,False,1978-10-11 15:43:33,1977-03-23 19:26:45
151,156,140.0,1977-11-14 19:19:03,2010-01-11 18:41:53,jqrjd,128,ordce,ruyuk,738,918,133,102,482,669,mbkne,414,881,561,False,2022-04-04 20:41:38,2017-02-21 04:30:21
152,157,35.0,1978-06-02 10:44:59,2019-06-20 03:33:06,hljpf,513,rfoet,wmjvd,788,266,860,256,351,519,tmpmt,484,568,966,True,1978-02-16 00:12:14,1982-03-23 19:33:20
153,158,994.0,2021-01-17 23:39:32,1991-10-04 00:17:17,ycqfg,590,fssvv,xlkrw,970,33,78,522,690,886,glxsq,204,976,92,False,1975-12-12 14:06:48,2009-01-02 21:46:21
155,160,784.0,1991-11-28 12:39:02,2014-03-30 22:57:53,lxryk,74,vtvsq,knfjh,437,163,672,408,959,420,vydvo,80,663,376,True,2011-06-21 06:20:13,1987-12-06 00:31:08
156,161,427.0,2018-10-21 00:09:23,2001-03-29 18:11:33,iwjen,418,ojmws,ckire,423,812,883,285,388,184,msioy,410,584,353,False,1994-05-24 01:40:45,1986-11-23 03:30:15
157,162,413.0,2018-09-09 02:26:39,2015-01-28 13:28:19,wmdzj,1018,kyjxt,gnkcx,958,382,598,742,851,351,rrxur,21,281,996,True,1977-04-26 01:23:42,1987-03-26 17:56:27
158,163,865.0,1989-07-09 00:39:42,1975-12-17 13:05:44,aidkl,86,wwdkf,ulqqt,760,956,439,716,974,437,svfji,852,773,651,False,2010-01-11 11:26:26,2010-03-14 06:41:52
159,164,174.0,1972-03-31 05:07:27,2018-03-15 16:05:45,jtuhi,899,kpmle,njdjq,1014,86,859,189,589,344,hlwpt,75,435,171,True,1981-02-10 15:11:09,1999-04-01 10:52:36
160,165,742.0,2011-11-19 03:57:33,1976-12-31 01:03:24,likri,805,vsocw,cslbk,183,263,611,501,984,434,zmuvj,259,306,374,False,1988-03-23 17:33:06,2008-09-14 14:18:49
161,166,68.0,1990-04-01 00:25:19,1999-10-14 17:29:04,jvijs,708,miple,edosi,52,90,308,995,206,203,kpdrl,595,59,555,False,1984-08-15 22:37:30,2010-02-02 08:55:52
162,167,101.0,1973-02-23 04:06:23,2013-08-10 04:56:14,ulktc,683,zgxbt,vrumd,346,526,558,854,868,452,dixtl,87,207,72,True,1990-05-12 13:41:27,1976-09-25 21:41:58
163,168,629.0,1990-12-10 03:58:29,1999-02-14 14:30:16,knegu,860,ijhmr,ymejj,927,751,509,72,53,719,wwuzb,304,852,685,False,1990-06-18 23:50:21,1975-10-19 03:53:10
164,169,895.0,2021-06-10 23:51:38,1974-07-29 08:56:43,blvev,583,nmygi,cphfy,323,1023,79,591,248,569,rxsgo,322,96,531,True,1974-04-15 03:08:42,1974-01-01 01:28:59
165,170,582.0,2004-02-05 21:26:35,1977-07-05 18:29:53,crwyu,470,egiwp,scboi,83,345,348,857,238,756,brckp,581,518,125,True,2012-08-17 09:00:27,2008-02-20 12:19:07
166,171,844.0,2002-01-15 06:41:04,1990-02-16 10:38:31,fwegk,116,cqfkj,ivegk,806,730,501,98,587,313,afwpw,914,746,444,True,1989-02-10 16:26:07,1978-02-19 08:24:33
167,172,73.0,2009-11-05 04:39:25,2016-11-26 11:32:06,xopbb,519,tgive,kgmef,655,72,91,167,528,1019,tadhz,330,256,888,False,2016-02-15 20:21:34,1999-11-27 14:11:21
168,173,815.0,1977-02-12 19:13:49,2009-08-08 05:08:49,iirzg,405,uobqu,xkjmq,768,740,49,618,301,248,ekxjj,118,253,514,True,1999-06-18 04:55:35,1991-05-25 13:54:58
169,174,58.0,1971-12-20 04:10:35,2004-01-24 05:00:32,mbnhw,452,lyqwx,kmpnh,555,771,182,709,172,565,ovsrq,652,751,404,True,1992-09-25 04:29:10,1978-12-05 23:53:48
170,175,274.0,1974-07-13 21:05:07,1970-06-04 06:43:45,haqyh,540,ytgyu,irhwc,224,787,968,752,838,537,pujsj,400,436,289,True,1979-12-07 14:18:38,2010-04-05 21:11:51
171,176,180.0,1999-04-29 20:05:53,1983-10-04 17:19:22,bcqlf,657,rmpco,eengo,534,280,510,447,313,385,ceshk,189,260,123,False,2012-04-19 01:50:10,2013-12-27 16:48:55
175,180,793.0,1982-07-24 07:39:52,2017-11-30 13:57:46,frgib,275,knush,sqolw,1018,175,525,780,955,261,vhkzt,169,592,92,False,2000-03-30 12:05:21,1970-08-28 04:40:37
177,182,686.0,2009-04-27 12:12:15,2010-02-11 14:24:39,mbjth,578,ccdyj,sjmpe,11,562,427,912,541,489,fxmei,308,587,800,False,1988-02-17 01:58:32,2019-09-06 05:15:20
178,183,982.0,2004-09-17 16:39:33,1980-03-30 10:18:22,efvir,593,chtrj,cecjb,633,766,898,126,878,665,nlgrh,125,870,479,True,1977-03-27 16:48:47,1990-03-18 05:28:03
179,184,716.0,1990-04-23 21:39:38,2015-11-05 16:11:20,qlytv,563,zkcgs,mwwfx,175,996,778,350,869,742,qhsjw,223,822,458,True,2005-08-02 09:37:29,2007-06-03 09:08:31
180,185,344.0,1988-07-01 04:44:59,1980-01-01 08:29:15,ypazh,974,uvsdn,qjnps,81,264,4,59,976,793,tnsvm,968,855,691,True,1980-10-16 02:46:07,1989-02-23 03:13:29
181,186,874.0,1999-03-22 05:21:51,2014-03-12 23:34:37,ofwem,304,mtgud,nmpqe,424,984,342,744,126,936,qdpgm,105,273,514,False,2004-01-15 18:25:27,2001-12-16 15:05:39
182,187,145.0,2009-08-06 09:44:20,1995-05-25 15:54:37,dmtvw,625,yugja,vshrt,679,861,303,861,161,918,sqicd,699,287,374,True,2008-11-06 08:34:21,2001-08-28 06:52:25
184,189,107.0,1978-06-01 22:27:15,2013-03-09 13:27:30,tthhe,340,jfgoh,svoph,925,878,447,196,490,556,zympm,754,260,91,False,1988-09-06 03:17:40,1979-04-06 00:01:32
185,190,287.0,2022-10-25 10:41:37,2009-09-24 01:15:32,qpudj,257,bjoiv,sokrx,173,602,86,8,457,877,qsxya,269,684,767,True,2014-03-02 06:26:13,1992-10-07 10:05:48
186,191,732.0,2015-11-22 10:27:41,1975-10-10 21:32:43,qsokt,386,rwbwb,nqcmi,277,289,647,765,519,525,xsrhr,616,154,632,False,1993-01-14 01:50:23,1990-06-12 20:41:01
187,192,954.0,2009-09-21 07:32:19,1976-06-17 01:11:47,ridbo,704,svbjv,xvfes,1001,733,22,516,1016,594,tbtol,808,314,972,True,1976-04-07 18:43:43,2003-09-25 00:17:30
188,193,807.0,2012-05-06 07:55:03,1989-08-12 10:57:49,uupqs,319,frrcx,vbvlg,155,260,279,571,750,952,gkdky,291,144,417,False,2017-05-08 20:54:30,2008-04-13 17:46:03
189,194,707.0,2016-03-14 13:12:16,1995-08-04 04:43:15,qqmfl,850,tsivr,ejndl,477,794,743,302,576,802,fvvzg,243,60,827,False,1992-12-07 13:24:25,1970-05-27 13:07:43
191,196,5.0,2023-06-22 12:38:17,1977-11-24 20:23:09,gnunh,224,brnon,yyigm,381,872,330,734,743,701,zqfpv,207,586,92,True,2000-10-18 17:56:34,1980-12-19 12:39:18
192,197,289.0,1991-11-22 04:29:53,1970-10-12 13:32:32,ytktx,511,yunsh,xgevy,342,228,275,885,647,870,hswkk,522,717,129,False,1996-12-20 20:39:49,1983-04-06 08:40:56
193,198,547.0,2021-05-10 06:32:17,1971-07-20 08:30:48,yscly,325,vbfum,dimor,740,333,1005,721,82,735,swygt,303,347,33,False,2000-02-29 04:18:04,1990-01-28 01:07:44
194,199,230.0,1983-09-22 10:30:17,2001-10-06 08:40:59,wmltf,421,eqmlo,htopp,86,330,244,135,388,272,sgssn,386,181,440,False,2017-08-25 05:56:52,2011-12-13 21:36:26
196,201,537.0,1970-05-16 04:01:21,1985-01-04 23:47:12,ncbex,786,tpcbh,rcfxd,161,813,25,533,846,586,ouych,375,715,156,False,1974-08-23 05:23:59,2021-01-21 14:07:55
197,202,862.0,1997-07-13 21:23:51,2011-01-03 01:45:14,qatoh,738,sohky,gkodu,252,92,288,735,653,603,qhxyl,912,858,657,True,1993-10-09 01:12:32,1970-08-07 13:57:23
198,203,295.0,1984-11-30 00:41:26,1989-04-13 15:47:07,rirgr,455,pdobz,reefn,83,469,267,293,526,571,dtdwi,523,916,342,False,1980-02-26 22:05:30,2010-04-28 18:21:50
199,204,493.0,1976-02-09 22:37:45,1988-10-21 00:54:13,yansc,737,emkkk,tvjok,916,145,761,399,840,369,fqdvq,46,547,740,False,2003-06-24 01:59:58,2011-05-22 03:18:20
200,205,946.0,2017-12-18 22:44:21,1983-01-19 22:09:08,qqhaw,393,bheea,gbttw,214,833,423,831,762,607,sfjrd,337,589,288,False,2020-09-05 04:01:00,1985-03-10 23:43:07
202,207,866.0,1973-11-17 12:23:29,1998-07-08 19:33:21,wwhsr,301,ekepg,vzivj,302,418,564,898,688,197,hkakh,299,1001,333,True,2000-01-12 19:35:28,1988-11-13 04:52:02
203,208,679.0,2001-10-17 17:29:30,2010-04-15 18:01:34,yyszf,196,pdrgo,iooep,823,345,493,223,28,528,ovheg,145,22,483,True,1984-08-24 22:47:41,1982-04-03 11:24:56
204,209,654.0,2004-04-25 05:42:58,2016-06-01 11:06:52,cfegy,661,myqjd,nwffi,793,772,403,145,568,228,ctqbs,681,13,832,True,1980-02-02 10:45:58,1980-10-24 12:11:16
205,210,725.0,1994-06-28 21:14:52,1980-07-30 06:48:34,vfvuu,214,motfe,mchtv,925,521,49,567,763,209,yebjz,1007,364,860,True,1975-09-06 01:44:49,2000-09-15 08:57:54
206,211,212.0,2015-08-21 16:44:15,1995-05-30 06:24:48,kukmm,257,gngke,fgdob,616,806,997,473,699,137,ffyyl,963,466,905,True,2000-05-01 09:46:47,2006-11-06 17:27:18
207,212,952.0,2005-11-27 15:16:49,2022-06-01 14:26:18,nwrfr,319,lurdy,obuwc,904,283,348,827,718,71,wxrdc,334,824,528,False,1994-07-25 01:08:43,1993-06-07 01:55:38
209,214,1010.0,1982-07-09 10:35:05,1981-11-03 20:47:11,qhdbf,328,nuaup,imqkv,4,610,690,950,581,755,yjbhe,728,450,244,False,1990-05-03 23:26:47,1989-09-29 18:08:25
210,215,575.0,1992-09-06 04:03:41,2000-01-10 21:59:55,oyvjf,328,pjgbf,ntpwm,10,536,934,160,38,149,godop,290,156,157,True,1975-01-22 02:08:23,2015-02-17 15:54:11
211,216,471.0,1978-02-13 16:24:39,1994-11-14 02:50:02,ypkxx,701,vqnna,dkuxt,638,757,419,144,272,192,ifluf,152,181,239,False,2010-09-04 17:49:40,2005-05-22 11:19:28
212,217,80.0,1986-03-29 14:35:28,1996-08-18 22:32:30,kegyd,22,mlxdb,kkcws,276,361,265,675,982,784,mboav,194,388,534,True,1970-12-28 20:39:41,1989-08-13 00:44:57
213,218,949.0,1978-06-18 04:29:33,1983-12-15 15:24:59,yybdb,418,rania,klnbo,276,499,127,119,44,578,wlpcc,184,54,544,False,2010-03-02 04:39:32,1989-07-18 18:31:18
214,219,619.0,1971-04-29 10:30:24,2017-02-17 02:01:43,elgvl,378,aatai,jpxqd,620,150,914,93,457,400,qiupc,783,820,866,True,2014-07-16 10:50:36,1990-12-25 17:29:25
215,220,368.0,2017-03-01 14:32:17,1986-04-19 04:17:39,ybmkd,823,pfjbq,vkpvf,473,767,383,85,764,239,mhscf,172,673,192,False,2017-05-03 21:32:21,1979-07-07 23:17:39
216,221,977.0,1976-08-01 04:01:58,1986-06-04 06:52:52,ewytv,899,lcytp,xteky,614,935,603,841,461,677,czezb,525,92,909,False,2012-02-07 07:33:43,1996-04-07 21:11:09
217,222,753.0,1987-09-13 09:51:38,1988-08-16 15:58:24,qjtvg,481,dxtid,hhjyx,937,409,991,149,668,1007,enntg,975,310,859,False,1971-04-28 04:19:19,2023-06-04 02:50:53
218,223,691.0,2014-07-25 00:45:59,1993-07-21 20:26:40,ghrpz,947,pblon,wxlxr,130,821,390,641,438,684,qfsex,320,434,186,False,1976-05-30 18:22:24,1989-03-03 02:16:13
219,224,342.0,1999-09-11 15:52:55,2017-08-18 23:15:27,vbuwq,453,mgjxx,btxjx,117,911,200,562,193,55,wnmpv,504,897,1023,True,1979-12-02 03:10:29,2004-08-17 07:41:29
221,226,9.0,1999-03-23 06:16:08,1989-09-02 17:09:13,vingd,715,frwyg,qlftt,367,291,234,909,367,780,frdhj,157,270,619,False,2014-05-12 15:49:26,2006-02-13 06:08:01
222,227,764.0,2022-07-27 12:02:03,2005-02-21 04:10:52,vqico,499,elntz,marno,65,101,828,60,39,453,dvmeq,640,504,491,False,1994-06-22 09:20:28,2020-05-12 00:49:54
223,228,832.0,1972-11-10 12:50:41,2016-12-10 06:25:18,thxbu,955,tskph,bmtpo,923,643,467,585,337,681,otlby,441,329,786,True,2003-04-08 05:06:14,1979-03-30 03:09:23
224,229,821.0,1993-07-05 07:07:37,2020-06-13 13:56:48,bkgkw,782,pmioi,rbqit,768,691,1015,307,704,348,cpfcl,143,148,467,True,2001-09-02 20:10:26,1977-07-29 02:02:59
225,230,601.0,1974-06-05 16:40:54,1993-11-13 06:46:04,evsln,909,idame,nwmre,602,967,202,284,796,627,dmixf,412,13,838,True,2017-02-26 02:08:58,1984-03-27 00:12:10
227,232,787.0,1985-11-09 22:20:32,1991-10-02 07:43:26,elfcb,297,ausru,fdajl,77,24,530,313,730,330,xwyec,516,150,841,True,1993-10-14 03:31:10,1991-04-05 00:30:20
228,233,337.0,2011-06-16 10:31:38,2018-03-05 13:18:47,uucje,314,mufrj,wpmtl,243,344,217,460,86,247,gxbrp,306,520,480,False,2003-04-12 10:37:08,1970-06-04 23:06:08
231,236,62.0,2008-10-16 16:46:00,2012-02-17 13:11:29,helzq,418,emgzw,mfzaw,538,758,438,94,192,806,wahiw,587,213,154,False,1997-04-27 03:11:48,1990-10-16 13:47:38
232,237,957.0,1994-10-27 14:48:06,2003-10-09 06:12:38,lqkoq,805,mrsum,npkmw,144,981,647,712,822,388,lzdph,368,263,438,True,1975-07-21 21:25:25,1991-06-07 06:47:14
233,238,150.0,2005-02-28 16:41:19,2009-11-13 02:19:31,rrqxt,365,narpc,sxqrq,82,854,858,832,179,276,keffk,879,78,864,False,2013-01-17 17:45:51,1983-10-08 09:45:48
234,239,469.0,1981-07-13 01:04:19,2011-12-22 05:47:25,hqpho,194,rllam,sclah,350,603,555,1004,592,326,wmyrq,5,519,749,True,1998-05-14 20:11:47,1980-05-28 10:51:00
236,241,299.0,1970-12-18 18:12:41,2000-11-27 12:41:00,ufcjp,849,tvvvk,rjefm,692,823,434,288,704,76,umufj,275,723,1006,False,1981-10-21 21:19:27,2017-06-08 01:37:45
239,244,396.0,1979-11-20 01:47:30,2018-11-17 17:57:22,njnky,512,dnqri,ufbig,1006,218,759,632,441,755,jngtv,790,688,420,True,2020-12-29 17:52:28,2009-12-28 15:00:45
240,245,632.0,2004-07-31 06:30:05,2020-02-11 15:30:55,hrpps,529,gqmbv,frxpa,276,191,334,1002,404,780,uyrdd,898,841,54,True,1974-09-15 16:22:12,2000-07-17 14:36:44
241,246,840.0,2018-07-19 16:40:42,2021-08-31 22:21:44,brwtu,625,tkjxh,oxmtx,311,765,268,1008,334,656,cklhg,152,644,745,True,1994-09-28 08:57:00,1974-08-26 10:11:02
242,247,967.0,1983-09-05 01:48:48,1997-05-10 10:03:34,mggcx,967,bmjrp,innue,423,74,756,253,529,552,mujlw,387,673,603,True,2006-01-16 04:37:48,2009-06-13 21:35:28
243,248,549.0,1974-02-04 23:53:06,1976-06-05 01:05:37,lzldk,591,hekyd,ktbsb,706,954,51,785,736,578,rigod,526,280,612,False,2022-08-21 14:01:35,1998-10-25 20:35:59
244,249,948.0,1990-06-29 02:13:44,1993-03-04 02:48:18,ylmgu,512,zejyu,owist,163,517,535,527,334,245,cuwma,643,805,51,True,1993-03-08 11:36:47,2014-01-31 09:58:21
245,250,1004.0,1978-11-02 00:40:25,2016-06-05 04:22:12,vgllt,111,ukpoe,ijjwx,908,34,215,280,189,730,snxqs,217,459,307,True,2003-09-07 23:10:45,2013-10-02 20:11:57
246,251,745.0,1992-01-05 14:37:10,1991-07-17 05:15:00,hnhuq,24,qduss,htpef,901,85,66,575,23,755,gydkh,369,411,169,True,2013-02-07 09:29:38,1992-01-05 17:28:39
247,252,281.0,1988-12-05 01:02:17,1998-04-17 04:42:00,bdhvn,569,jgrvb,skyfm,689,759,521,396,750,994,wcqvu,703,733,910,False,2016-12-01 06:28:15,2006-10-29 21:25:47
248,253,768.0,2007-12-08 04:31:48,2002-05-24 16:03:42,xxbnu,125,mnnuq,fwcad,664,199,481,964,810,556,ovixe,748,201,141,False,2007-02-14 11:14:07,2018-05-04 00:15:44
250,255,883.0,1979-05-06 16:00:28,1989-07-21 03:30:39,sdwgt,596,rxbia,qcupe,160,515,149,630,737,661,bplms,81,372,275,False,2005-11-02 16:24:03,1990-05-15 20:28:36
251,256,915.0,2002-08-18 17:21:39,1972-01-01 15:32:58,dgbys,24,gmert,jdjej,255,715,91,327,272,116,dwenj,186,136,1016,False,1990-05-30 15:55:40,1994-12-22 01:42:58
252,257,489.0,1976-06-05 15:00:36,1984-03-13 06:02:51,ykwzv,691,mntcj,thqit,735,665,476,418,666,612,buvbo,36,962,619,True,2010-04-16 11:38:31,2011-12-15 20:47:51
253,258,783.0,2016-12-20 03:37:31,1978-05-23 05:15:29,dtexc,353,lrgwa,excra,634,305,450,339,713,214,aympe,201,11,879,False,1982-11-23 21:54:11,2016-08-26 11:14:04
254,259,46.0,2000-11-27 10:51:31,2005-12-14 14:56:35,luwwe,583,bilpx,aoexb,474,533,825,528,92,647,tiynx,160,302,649,False,1985-01-09 10:54:12,1989-02-10 06:01:56
255,260,834.0,1993-04-08 23:47:26,2012-09-16 07:13:45,nqieg,730,yvpqj,lyqnj,679,859,102,917,368,789,qedgg,879,968,475,False,1973-01-18 06:56:29,2010-05-02 03:53:24
257,262,987.0,2015-03-20 21:07:18,1997-01-30 13:32:29,nqaej,867,matft,nztil,835,705,311,1,696,750,pbebq,444,1019,655,False,2012-11-05 22:36:41,1974-11-17 07:26:23
258,263,986.0,1976-02-10 06:29:11,1974-05-12 01:14:07,qrhgh,591,gknqn,uuxnb,312,604,813,904,175,77,smuoq,520,528,216,True,2017-02-08 21:15:49,1972-10-22 22:27:06
259,264,933.0,1976-03-07 07:38:56,1999-12-14 04:53:29,rxhue,193,cwvbt,klmun,931,836,349,967,901,551,ydpfw,722,1004,731,True,2009-03-08 12:02:01,1999-06-17 05:42:17
261,266,452.0,2010-11-20 01:51:09,1971-03-06 22:28:22,lvitf,492,wdbxz,mpujr,838,666,448,897,685,560,rjbnw,738,643,427,False,2004-06-02 10:36:32,1991-01-10 08:35:14
262,267,520.0,2018-11-27 23:32:33,1993-04-16 18:21:01,bvwru,554,yqktt,lfjzf,609,915,424,610,899,533,mrhky,793,726,323,False,1989-04-02 05:49:41,1999-10-05 09:21:36
263,268,348.0,1976-06-10 10:16:21,1983-02-10 02:25:35,rqihs,190,gvlmn,ydnij,627,755,799,277,224,20,lxcnu,531,896,426,True,1982-09-20 10:26:10,1973-06-10 14:45:07
266,271,705.0,1983-01-29 00:36:08,2004-05-31 02:41:52,alwya,812,vzgon,iqujz,533,56,287,953,223,353,qyrit,157,944,166,True,2003-01-02 10:00:35,1977-04-09 05:22:00
267,272,234.0,1983-02-28 14:03:30,2020-05-29 16:16:31,inibl,71,mfqhr,msmqm,110,39,795,584,693,991,obrlj,23,310,907,False,1989-02-09 14:46:52,2019-10-27 02:44:05
268,273,614.0,2016-08-18 20:24:56,2020-11-07 03:11:53,tnevb,870,phpyg,leeic,327,724,512,174,985,556,fibeu,536,356,656,False,2002-02-20 10:11:02,2001-03-18 23:49:32
269,274,587.0,1995-07-01 06:43:57,1998-03-16 22:43:48,preuh,870,noqcn,mtbns,398,299,81,141,120,297,lycru,426,10,306,False,2004-03-25 23:55:40,2007-08-23 00:30:09
270,275,23.0,1982-10-25 06:46:22,1975-07-10 13:00:49,vfifm,486,haxwh,bnijv,236,143,940,435,86,321,sxkdk,696,662,529,False,1970-10-05 11:25:26,1972-08-24 04:52:26
271,276,404.0,2005-01-02 03:47:32,2011-01-19 14:10:28,odaqo,700,xdhqq,avzfz,922,288,949,801,607,901,mmgqs,520,541,985,True,2014-08-10 12:06:37,2010-08-20 17:29:22
272,277,607.0,2020-09-12 18:25:46,1977-09-28 07:34:26,chqbx,144,hmvut,yqxti,347,576,477,956,174,1006,nakof,640,750,710,False,2016-08-21 19:08:57,1984-07-28 10:51:59
273,278,683.0,2006-11-27 03:33:23,1980-02-15 15:46:42,mapvc,810,zrvmf,gtmob,787,869,771,857,766,332,vjurj,704,933,440,True,2018-07-16 19:40:41,1990-05-07 05:02:41
274,279,250.0,1983-12-29 17:06:49,2010-03-14 07:06:41,iinch,789,bemlf,clueg,817,1008,769,438,356,1001,rmiyt,971,591,942,False,1987-07-30 20:53:46,1987-06-11 17:28:37
275,280,669.0,2009-04-03 19:49:20,1976-12-28 05:11:41,nhpkj,350,rcwwh,ioowq,607,686,109,117,643,937,wvjom,464,375,280,False,1989-05-13 19:09:37,2004-10-02 05:13:59
276,281,350.0,1991-01-26 03:36:59,1978-04-13 06:11:02,eckdi,273,vawdo,sbfkb,568,771,994,690,203,189,qlelc,503,563,213,True,1983-07-12 15:10:28,1994-05-24 01:28:31
277,282,571.0,2017-10-04 08:07:36,1994-11-29 17:57:08,qqwai,988,mrdig,fctec,251,285,322,128,600,43,qlihs,648,956,835,True,2012-05-07 10:50:56,1989-04-27 00:04:59
278,283,303.0,1980-08-01 08:39:00,1996-06-19 01:24:52,pqycz,506,ragpi,vwoqg,469,595,69,108,502,781,oikik,990,882,599,True,2005-07-18 09:44:56,1979-11-14 00:04:24
280,285,60.0,2021-04-09 16:47:39,2015-05-30 03:20:10,yymvp,491,wbyiu,fxrsi,850,1003,922,848,457,600,jhvfn,645,253,290,False,1982-07-27 21:07:08,1986-10-28 14:25:45
281,286,958.0,2019-01-25 13:58:47,1985-02-14 09:55:24,qwgyb,78,hxbdd,jvhuc,975,736,999,379,525,313,pdwxj,787,60,93,True,2011-07-08 10:04:31,1999-05-17 13:45:00
282,287,920.0,1997-04-13 02:40:18,2003-06-27 04:40:48,cpnhr,684,fmwrh,ummdq,73,160,844,538,621,515,tngre,36,92,512,True,2000-02-26 06:53:42,2003-09-28 23:30:18
283,288,365.0,2011-08-10 21:29:36,1999-07-07 07:26:36,ypurj,8,kqrmg,ojnmj,394,56,970,985,178,363,slkqb,165,877,228,True,2020-01-22 16:19:35,1981-05-22 11:44:27
284,289,664.0,1979-01-24 14:56:07,1977-02-08 05:20:29,gsczn,935,eykxl,fysji,510,258,60,141,77,825,wmbsr,120,262,481,True,1971-09-20 04:16:12,1977-07-04 23:22:48
285,290,1024.0,1995-10-05 22:33:09,1986-10-20 08:12:41,bkkrg,896,omrql,pnskj,269,163,533,804,843,587,amphv,34,392,559,True,1980-12-27 21:28:54,2016-02-14 10:22:52
286,291,583.0,1999-12-01 15:41:28,1998-03-29 02:16:11,tbzuv,492,lwwxk,nkgwd,937,732,3,126,661,140,ihbuk,156,161,902,True,1979-12-06 21:10:16,1985-04-20 15:32:59
287,292,527.0,2023-04-29 19:40:25,2011-11-26 14:52:56,wbzfa,407,zkixj,bnhno,364,758,607,378,788,582,rttdw,653,628,389,False,1997-06-04 05:39:32,1975-04-13 21:58:12
288,293,763.0,1992-05-02 03:30:45,1986-04-04 23:01:34,koqxw,496,gyeug,rkpyc,104,895,156,588,251,982,wktek,936,311,817,False,1988-05-13 11:00:02,1986-05-01 10:59:06
289,294,898.0,2010-03-30 20:53:01,2021-08-31 04:53:55,gixns,44,lvzui,eclka,603,376,49,720,131,855,enlex,408,445,615,False,1994-03-02 23:21:57,1982-11-07 00:57:12
290,295,562.0,2015-04-27 23:26:37,2000-06-07 23:16:25,uqtxf,64,zpaul,xnxbe,237,132,665,683,837,96,qhejo,136,498,47,True,2001-02-24 19:22:59,2014-11-04 14:14:00
291,296,538.0,1990-07-03 03:42:51,1975-08-17 17:21:46,knymi,582,lydot,wgkpc,236,381,913,968,869,196,ebwtw,488,414,992,False,2012-08-30 23:17:16,2018-08-28 04:34:48
292,297,2.0,1989-05-20 23:26:54,2014-02-13 20:16:12,iijur,486,pbinv,pfyiv,61,427,571,359,749,911,seume,6,1013,149,False,1997-05-18 23:52:06,1972-09-13 06:10:10
293,298,283.0,2008-03-24 09:48:24,2022-06-15 23:40:38,fwcvs,348,ofhus,gjmvd,304,630,403,819,905,786,ohwmh,763,194,99,True,2022-10-09 21:28:15,2021-06-19 10:57:06
294,299,868.0,2011-07-21 08:06:30,1995-07-15 11:41:40,xjuwh,989,fxwjk,plafp,383,876,320,229,447,88,femjl,876,404,213,True,1984-01-18 01:46:50,2021-02-02 10:01:25
295,300,875.0,1970-12-24 17:33:16,1988-02-07 06:31:58,jfnol,419,hqbhw,gyzfh,382,834,147,751,339,686,vcjry,669,250,108,False,2003-12-12 15:11:12,2019-02-21 20:51:16
298,303,372.0,2023-05-11 03:28:19,1984-10-04 15:33:42,euaoe,689,icorf,obcgl,1009,922,602,728,209,77,zdrde,17,690,266,True,2003-01-04 16:02:32,1999-09-10 17:49:30
299,304,251.0,1977-09-30 09:21:57,1980-06-21 05:01:15,xeewo,2,tesch,pvjce,571,893,86,433,742,793,rocbo,344,394,442,True,1977-04-12 00:40:01,1971-08-18 21:36:20
300,305,103.0,1984-05-06 06:11:00,1978-06-28 11:47:03,mugot,71,pesoa,dkcli,544,931,470,601,559,171,uocxb,1006,961,242,True,1974-02-25 19:53:19,1997-08-02 23:05:11
301,306,72.0,2001-12-31 06:07:26,2008-09-01 13:38:39,lukkh,30,dmrsw,vlxsi,872,950,795,365,392,720,nvrum,551,101,673,False,1973-01-25 03:33:34,2021-06-13 10:34:40
303,308,748.0,2020-07-30 03:31:54,2014-03-11 13:08:56,suxsf,692,rswll,aikjp,363,820,94,346,18,548,rquqt,18,177,344,True,2023-05-25 07:51:31,1981-04-14 04:48:10
304,309,726.0,2005-01-26 02:58:38,1980-03-29 13:44:01,ojvgi,159,ualrt,zfuei,55,653,392,799,850,432,omntp,937,523,40,False,2002-05-25 12:42:50,1976-01-01 23:14:51
305,310,16.0,1982-06-06 16:10:45,2002-04-06 21:51:23,uaadw,317,oqmjg,nutcj,594,156,604,736,379,487,ooche,670,875,620,True,1984-02-14 17:53:32,2017-05-30 00:55:22
306,311,463.0,1999-12-09 21:07:30,1994-04-04 09:25:12,zfaqs,795,iqupn,bkuwv,678,520,852,676,781,126,lygyp,219,370,861,False,1996-07-26 22:01:06,1995-07-11 22:51:29
307,312,626.0,2003-04-17 05:22:54,1990-02-11 05:51:24,jcmvy,634,alewq,gqcjf,953,476,808,874,154,1000,fizxp,70,475,48,True,1988-01-16 12:14:39,2009-04-09 16:41:11
309,314,656.0,1998-05-22 16:09:00,1996-04-30 15:53:03,ablvy,964,rrbkg,xfxdu,940,164,230,103,857,694,fbjky,100,176,1016,True,1996-12-09 07:28:27,1995-04-16 22:28:37
310,315,142.0,2020-01-22 09:45:20,1994-04-19 02:13:11,qaxka,309,zxtxg,prqrw,350,287,921,976,870,982,dfdwu,667,751,543,True,2022-06-08 19:17:07,1976-02-26 11:17:34
311,316,379.0,2006-08-25 04:29:55,1982-07-21 04:48:16,iglrz,1016,dtann,xuuoh,761,920,101,428,242,752,rifjj,656,23,328,True,1974-12-25 08:55:40,2012-12-28 00:29:04
312,317,660.0,1996-11-14 02:07:59,2002-04-29 03:25:45,lsylk,215,oqklr,kmeyw,264,336,445,200,75,19,yxiym,678,850,358,True,2002-04-07 20:53:16,2022-03-01 18:10:47
313,318,671.0,1991-10-29 15:04:54,2020-03-20 14:44:18,ndnjs,1003,jbpoz,dtlrd,859,581,813,644,461,931,cuggy,657,95,791,True,1970-01-19 03:46:20,1989-09-21 19:38:46
314,319,340.0,2021-05-06 20:13:15,1984-12-26 14:16:30,zvarp,569,hmcgr,tigvc,607,1020,852,665,81,136,uwlsj,753,57,730,False,1979-03-22 15:52:13,1985-01-27 09:33:23
315,320,219.0,1982-08-18 12:31:35,2018-11-11 06:39:32,wkgto,746,djusr,cpeoq,150,151,127,906,202,484,gitsj,570,535,207,False,2020-12-09 11:58:36,1987-04-09 01:11:47
317,322,721.0,1991-11-04 08:25:41,1991-05-19 00:39:53,qnwde,707,ocbtg,cumxh,209,196,293,145,21,778,wolcx,114,559,451,False,1985-01-07 03:01:48,2012-10-16 11:10:17
318,323,531.0,2002-03-03 10:51:58,1982-01-01 18:26:17,otzky,921,ofmyo,wessw,385,280,956,610,7,707,ukodl,20,672,986,True,1985-11-12 12:57:52,1997-12-26 15:57:00
319,324,599.0,1999-01-22 12:57:32,1975-01-01 07:47:38,ltpxp,289,kwzlb,mjivk,20,69,239,1001,878,624,mskob,553,267,71,False,1994-02-08 13:11:45,1983-11-08 09:53:00
320,325,91.0,1991-02-20 18:37:24,1983-11-15 19:18:34,munof,304,rzgyk,tipmt,206,177,1008,357,895,54,ienxa,718,382,11,False,2005-12-23 19:43:37,1999-09-05 15:01:00
321,326,175.0,1988-10-02 14:08:07,1987-08-22 00:17:40,vehrj,731,ahubb,ondou,61,899,58,308,552,863,lrane,723,267,274,False,1970-11-05 02:18:30,2014-06-25 12:08:56
323,328,215.0,2019-10-13 03:57:48,1996-09-12 11:37:19,bgbbn,683,pbebp,jqjsk,611,889,85,665,498,101,dtkic,853,208,57,True,2013-10-01 22:54:37,1977-11-17 06:50:57
324,329,835.0,1985-12-26 10:18:02,1994-08-31 03:21:47,iqtgi,785,iyohs,qsjdm,812,354,997,214,55,667,etdfp,169,755,1006,False,1977-05-11 15:22:42,2008-04-11 17:10:59
325,330,778.0,2021-04-03 17:46:40,1971-01-23 00:02:21,ojuqp,338,yzsen,umied,566,983,496,506,831,180,japgg,77,662,323,True,1981-11-05 19:40:48,2010-11-10 21:01:50
327,332,458.0,1998-06-15 06:14:33,1972-10-31 03:04:13,ykpsx,19,ttbpy,gnnfh,939,819,511,905,324,293,tqueg,796,256,407,True,1982-01-20 20:19:49,1993-06-20 04:39:35
329,334,298.0,1977-06-22 21:47:10,2019-09-26 06:17:00,jkwoo,436,xodwv,ijfjr,931,883,668,364,424,204,xxuhb,993,339,960,False,1970-08-18 04:37:55,2008-09-26 22:39:33
333,338,123.0,1995-11-19 03:12:11,2010-08-03 23:56:54,ykfyu,45,fkrge,igibu,661,956,66,594,904,943,iudkk,759,81,872,True,1987-05-21 10:41:41,1972-08-30 04:37:21
334,339,393.0,2017-01-29 13:49:21,1978-10-23 01:45:10,gxsek,185,bejiu,qunxq,607,755,128,171,152,616,onkxr,677,961,338,True,2017-01-12 12:14:47,1971-02-09 20:08:19
335,340,305.0,1980-07-11 07:46:05,1977-03-03 19:52:01,ubujb,251,tzyvo,fwjyr,944,765,878,874,769,928,htdvj,645,361,26,False,1974-11-16 08:56:38,2018-10-14 08:42:34
337,342,503.0,1973-11-10 19:16:40,1988-11-27 06:11:29,vljtm,325,zyyhv,dnnoq,467,649,418,908,272,555,oxqtc,88,310,52,False,1981-10-17 05:10:51,1990-09-21 19:14:10
338,343,518.0,1977-12-09 05:36:16,2020-06-25 06:33:20,jwhjl,414,rqulq,ihcrd,189,146,368,158,399,962,nddge,123,453,85,False,2007-03-13 00:56:40,1986-02-17 14:29:24
339,344,692.0,2015-03-14 01:09:27,1993-03-22 16:35:36,ilwei,27,oxutv,ggwyy,162,588,913,680,129,52,ftmle,38,31,209,False,2015-05-21 07:37:26,1998-10-22 11:53:08
340,345,861.0,1981-03-06 20:26:11,1994-01-03 12:48:20,twlvh,641,wpehy,yoxej,61,763,844,993,1015,279,imwpw,903,16,876,True,2012-09-28 15:09:16,1970-07-20 19:07:24
343,348,144.0,1992-09-27 23:59:40,1996-12-13 03:20:50,nmvll,469,uofnt,gfres,957,898,771,840,501,813,erytf,471,407,281,True,1972-08-19 11:05:35,2012-01-22 01:13:06
344,349,400.0,2012-06-09 11:47:35,1981-02-10 14:06:53,vmtke,81,kkfqv,bwpxt,993,795,991,473,75,121,ynrvv,697,60,498,True,1994-02-27 12:57:49,1978-05-06 00:15:40
345,350,307.0,1993-08-11 05:33:39,1987-03-14 23:01:21,dzijt,9,nhfsj,qqigi,164,335,218,385,825,83,mwusk,453,833,42,True,1977-08-23 06:28:01,2018-12-09 19:51:43
348,353,343.0,2021-04-21 23:59:48,2006-07-26 20:03:50,vvqfw,288,yghnk,nixqv,151,35,496,137,960,442,budzt,821,480,804,False,1974-12-04 14:45:13,2019-10-06 05:09:06
350,355,735.0,2007-08-13 10:56:58,1983-03-04 08:25:40,driiv,61,xvjhh,gtcrl,170,597,266,681,684,987,mbyph,637,355,174,True,1982-04-01 15:14:30,2002-12-02 14:56:24
352,357,137.0,1977-12-14 07:23:12,1988-06-16 01:45:29,pbcxh,207,mhdno,mhmlu,337,341,847,645,679,798,kviqc,549,189,614,True,2021-06-10 16:32:58,1996-12-12 19:32:52
355,360,478.0,2021-07-23 04:29:03,1999-12-13 04:34:07,epwop,317,qycpf,uidcy,145,313,737,441,854,726,fnckw,897,387,1009,True,2014-06-11 19:59:58,1974-02-13 23:09:10
356,361,889.0,2011-07-17 21:38:41,2017-03-21 20:04:22,gghui,505,obfkv,anrau,144,411,208,276,160,502,ovsem,940,232,848,True,1975-11-29 23:50:02,1995-01-22 16:16:09
357,362,637.0,2023-04-17 13:53:51,2015-02-09 12:15:48,lgods,167,tolji,iisva,529,161,438,908,119,280,cqsky,159,545,688,True,1973-05-28 16:26:00,2003-06-29 00:04:31
358,363,1006.0,2017-12-22 18:30:02,1985-04-13 01:43:39,liwzv,393,mgrwu,fsroi,762,551,500,147,676,555,nvfeu,210,476,987,True,1999-03-31 20:01:33,2007-05-10 12:32:58
361,366,1.0,2016-07-03 04:37:42,2002-12-07 05:55:03,tmxws,269,eauyl,eukjg,155,880,822,50,306,820,enjep,194,960,407,False,1990-01-14 14:12:53,1973-11-11 15:10:58
362,367,332.0,2014-03-09 10:25:22,1991-06-03 13:33:19,mkxyi,731,pfwel,ugtcj,819,869,255,343,487,724,dhbln,115,574,517,False,1985-09-09 00:22:10,2003-11-29 05:46:56
363,368,612.0,2023-05-08 11:28:37,2012-04-16 00:39:18,vblie,1020,jpmzd,flmol,155,55,672,544,712,376,bxaxi,732,88,910,False,1978-07-12 15:49:17,1983-07-07 16:07:17
364,369,388.0,2014-04-26 23:56:53,1990-02-25 04:41:24,slgpt,973,cibwu,eswlc,200,690,966,392,881,271,fdrgn,998,537,105,True,1998-05-30 15:31:04,1979-02-23 01:56:24
367,372,650.0,1999-02-25 17:59:06,1985-03-10 04:57:02,ggddf,422,yhgpg,qixwx,520,254,264,669,308,116,ozyqh,258,363,364,True,1980-11-24 00:59:45,2013-02-28 06:57:53
368,373,54.0,1971-03-21 03:33:22,2002-10-15 21:40:27,kfpnz,214,fwvqj,pwfee,617,11,218,644,33,227,xfrdi,314,805,885,False,1995-11-18 01:42:48,2017-11-29 19:27:44
371,376,521.0,2021-09-17 00:19:43,1976-08-30 15:11:54,slwsu,170,yfjhk,vnkkj,420,662,671,18,896,683,sqsbi,869,811,371,True,1973-03-19 16:30:05,1986-09-22 18:29:26
375,380,218.0,1989-03-30 08:06:37,2006-10-13 05:14:50,vmiid,574,jtfgs,ksxet,194,994,916,975,497,434,genbe,771,85,701,False,2015-12-02 18:20:47,2020-10-27 17:27:38
377,382,546.0,1992-09-26 02:36:47,2021-06-21 09:26:54,dmuew,508,kpggx,stbpc,170,183,484,636,698,169,rdlul,974,994,349,True,2017-10-14 22:19:52,1991-07-20 08:41:48
378,383,710.0,1989-07-19 23:10:23,1998-10-30 17:00:53,ijekq,735,yqbhd,tpyvi,240,37,788,50,271,109,gbuho,118,635,165,False,1999-08-16 06:21:13,1976-12-05 06:15:26
380,385,460.0,2021-12-03 03:14:46,1985-07-02 17:18:56,kvceg,179,esjcj,txusk,754,271,199,642,564,241,xplkg,250,66,194,True,1997-04-04 12:56:28,1974-06-09 09:14:41
381,386,241.0,1982-01-29 16:33:20,1982-03-23 19:18:11,mefpr,451,pgwce,chmis,850,387,738,554,349,890,cyxlb,850,161,261,True,2003-07-28 19:00:10,2020-10-22 17:41:13
382,387,758.0,1989-10-07 04:20:05,1970-01-30 18:57:19,fysln,910,dakbs,dvtiu,74,507,352,144,844,879,vxnxg,225,858,568,True,1981-09-09 09:50:45,1998-03-19 06:55:40
383,388,90.0,2008-03-15 14:17:33,1983-03-18 03:27:05,cipkw,337,upyly,uvrky,814,404,351,237,134,284,oetol,411,52,499,True,2009-08-20 05:52:10,2005-09-17 18:41:55
385,390,750.0,2005-09-19 16:43:59,2008-12-06 19:30:58,dafxo,611,gdvgx,oifqq,239,882,255,240,989,15,iogod,73,767,227,True,2018-06-07 15:55:04,1977-08-30 16:08:43
387,392,812.0,2021-12-02 12:16:07,1973-07-30 09:47:13,ymjpx,162,drffu,chcje,239,950,552,307,619,103,tubuj,306,333,394,True,2000-03-10 11:56:36,2020-09-24 19:39:22
388,393,1013.0,1983-01-10 16:06:08,1980-07-02 09:08:08,qwdkd,779,uwexp,nazmb,858,886,736,725,837,120,dgrvt,959,538,152,True,2000-04-18 13:11:54,1979-10-27 09:12:43
389,394,945.0,1977-05-15 03:04:45,2005-12-23 01:14:20,jbhth,374,yexjj,vhdrf,1014,923,561,374,674,104,fbwce,230,630,975,True,1991-03-09 21:11:22,2001-02-22 01:11:17
391,396,1020.0,1986-06-12 21:16:23,2007-10-28 19:36:32,qvthp,864,lrqwg,iucdc,989,701,723,924,469,457,tuhcj,499,47,304,True,1982-08-22 18:07:43,1992-09-07 20:06:01
393,398,572.0,2022-05-15 03:27:14,2005-03-01 11:46:39,tdlhn,484,oxlgz,pslbc,653,624,22,554,1,333,pcgdo,721,798,26,False,2010-08-16 20:26:50,1994-10-13 20:54:32
395,400,38.0,2010-02-21 23:32:04,2018-01-18 00:57:33,rmmtl,888,pjtnb,zzjdf,512,372,502,25,291,675,lmksh,167,804,1017,True,2018-10-03 02:15:40,1999-01-13 22:53:11
397,402,12.0,1993-08-14 05:55:19,2006-06-06 17:15:37,qjled,540,pcuco,xkduc,1013,1014,747,116,557,606,hznew,279,1,396,True,2016-02-26 16:16:23,2007-08-01 07:37:39
400,405,909.0,1998-12-19 22:25:38,2011-02-13 11:53:01,mrcoi,962,tsorq,fyeso,382,323,755,1006,440,195,devlc,938,595,953,False,1979-05-07 06:01:31,1998-01-31 21:54:55
401,406,623.0,2006-06-28 20:44:47,1999-02-15 00:52:44,tnfkv,163,zqoxj,xbffl,309,225,322,597,536,539,lbvwq,426,281,476,True,1999-03-29 13:09:55,1981-03-12 13:15:48
404,409,522.0,2003-04-26 01:43:20,2016-06-30 17:52:18,vfxlh,887,prkcr,jkybx,174,276,855,276,307,378,qjbjw,265,654,1014,False,2017-01-07 16:04:29,2004-08-16 05:03:47
405,410,535.0,1978-05-02 19:58:37,1988-10-10 10:08:34,wavxl,380,limxl,ezagm,318,542,194,474,156,968,texzd,624,896,684,True,1997-10-06 21:07:05,1995-08-04 06:57:53
406,411,819.0,2018-03-17 11:41:05,2001-02-02 07:23:31,fwduz,184,cisvc,llvyd,134,769,157,625,801,339,xuepd,744,689,751,True,2014-10-02 10:31:47,1975-02-13 22:26:04
409,414,956.0,2015-03-08 18:51:08,1978-03-08 20:31:07,odcdx,126,fuytv,qorer,78,160,646,548,284,451,sjeuf,359,566,388,False,1990-05-01 01:01:25,2000-12-08 12:42:27
410,415,93.0,1989-09-10 23:00:59,1975-10-11 19:32:26,umurp,257,qrsgf,kdiws,25,550,510,458,198,998,hrrma,89,771,449,False,2001-05-17 17:15:56,2007-01-10 22:43:55
411,416,676.0,2001-01-03 21:39:03,1979-02-08 17:38:49,nfpxu,822,bnrym,hirgs,164,616,474,185,678,912,bjuvt,816,588,435,True,1979-02-21 01:14:18,1992-05-25 15:08:10
414,419,81.0,1970-09-22 15:26:06,1988-05-03 15:15:15,uehrn,506,wjjby,sjiew,484,353,894,994,245,423,nfwic,195,976,157,True,2002-06-15 22:05:11,1996-01-08 12:03:53
415,420,397.0,1978-03-14 02:23:07,2003-05-14 02:23:08,sjdba,910,cxamy,sggwj,69,12,855,779,221,1019,yqhld,993,62,458,True,2014-05-31 17:30:38,2009-06-26 15:17:02
417,422,381.0,1982-11-06 06:57:54,2022-03-09 01:08:29,fliqq,533,tyysk,nevcl,351,222,200,96,316,540,jihnq,893,888,881,False,1975-10-04 13:53:35,1998-09-08 12:07:12
419,424,327.0,2011-10-07 12:13:14,1991-06-14 01:53:44,rncmf,4,irmtq,wuxii,661,860,173,42,39,444,seenh,281,732,258,False,1992-01-27 08:43:51,1998-03-17 23:12:29
421,426,474.0,2010-11-17 23:42:15,2001-05-18 17:20:53,oeggw,564,tefna,yzodi,785,538,536,79,815,1013,jbswf,26,825,226,True,2023-02-02 05:43:18,1986-01-27 14:21:48
424,429,52.0,2000-02-14 16:49:15,1988-04-06 00:19:47,vqqnc,872,iurwn,uetre,1023,1014,547,488,750,242,ndgfg,930,521,816,True,1978-11-12 19:25:10,2019-12-31 03:39:48
428,433,699.0,2022-02-02 16:35:53,2012-02-06 02:51:24,vtvqf,841,bifir,sulnk,491,598,954,116,260,366,yhbmk,223,281,4,False,1984-11-29 00:37:29,1977-10-20 19:40:50
431,436,678.0,1991-12-25 13:50:02,2006-11-25 07:50:01,rybgg,498,jgucn,nxwsg,600,175,244,645,617,833,lrkzh,328,844,197,True,2013-07-12 17:11:33,1994-11-04 02:22:10
432,437,181.0,1983-11-27 20:49:09,2011-10-27 21:08:35,ibpxr,985,ofxdy,ndcoh,360,390,911,437,165,787,gdkrr,846,812,967,False,1971-06-29 05:25:59,1991-01-03 19:40:15
433,438,488.0,2001-06-12 18:20:51,1998-05-29 03:21:20,njyuc,597,jotep,ilmst,15,201,475,860,766,55,qaqto,344,707,918,False,1971-10-01 05:52:15,1975-02-11 17:59:33
434,439,317.0,2013-07-18 11:49:16,1999-12-08 01:05:35,elknm,688,bpymv,vnvtr,170,982,13,848,299,1003,ftdwf,212,363,184,True,2016-09-12 21:22:23,1972-10-26 14:05:18
435,440,589.0,1975-07-01 21:19:09,1972-10-21 11:15:15,wxviq,738,sigtp,oytqv,832,925,32,88,54,655,aftlz,399,71,911,False,2016-09-05 11:43:22,2014-07-24 03:18:55
436,441,362.0,2018-08-17 03:06:11,2020-01-15 20:01:05,cqfob,781,vtbbv,agwwg,442,680,348,290,667,438,euget,690,490,835,False,1987-04-18 08:08:27,2011-12-09 23:21:45
437,442,822.0,1977-08-11 15:10:12,2021-09-15 11:04:36,rxpqo,421,yubnm,ijmwg,768,481,369,947,158,948,aqrup,728,520,907,True,2015-04-18 06:45:57,1990-05-23 08:18:26
439,444,45.0,2020-11-06 18:01:19,2020-08-27 17:15:12,ywzok,208,rwibc,ntuhw,981,95,900,75,28,737,mtuhf,863,595,511,True,2011-09-30 15:40:16,2012-09-17 18:37:45
440,445,992.0,2021-08-28 08:48:54,2009-10-25 06:05:03,plwue,348,ftwpi,wthxz,743,755,783,24,155,216,eirqm,498,358,761,False,2001-08-13 20:47:12,1986-09-10 03:45:44
442,447,867.0,1998-06-28 21:48:53,1999-01-20 16:44:32,pqbgy,212,xgmbh,cpkjp,709,558,187,411,100,455,yjbwx,309,143,755,True,1970-02-13 10:12:14,2002-01-20 20:10:24
443,448,484.0,2010-12-10 02:03:32,2012-12-19 22:19:52,bepol,33,gevcy,gkesc,490,34,65,315,916,861,saqzd,730,607,460,False,2011-05-09 06:53:04,1970-08-26 07:39:00
444,449,804.0,1971-09-28 04:15:12,1977-02-22 00:24:37,jexdo,1016,jjjpb,nmzrl,190,341,856,877,34,994,kpemn,199,271,327,True,2012-12-12 07:47:35,1979-12-13 23:08:42
447,452,870.0,1989-04-22 18:16:10,1982-04-22 01:05:09,qdcej,717,hyjvy,odbcv,1017,58,52,1001,331,473,chgyr,378,587,484,False,1993-02-08 05:43:57,1994-01-22 08:03:17
451,456,114.0,2013-08-05 12:37:10,1987-11-10 12:31:30,sqdeq,947,snwpu,fotqe,584,35,42,378,276,477,rxktc,38,750,866,False,2014-08-28 18:24:08,1995-04-21 01:02:02
453,458,265.0,2011-12-05 23:33:43,1975-07-18 18:27:06,kuezj,758,wjlqx,trsdq,94,952,370,942,287,1021,sxtxc,734,215,266,True,1989-08-07 16:36:14,2006-09-05 00:37:51
454,459,1017.0,1976-02-18 03:54:41,2016-03-17 06:33:53,icqhv,338,lrexy,kwrrm,777,549,136,784,265,92,qponm,27,639,309,True,2009-01-02 21:14:18,2010-10-24 23:39:47
455,460,355.0,2022-07-10 10:00:13,2001-05-19 01:11:29,wqixt,694,rnijn,qylmr,568,160,767,899,100,433,mtwyx,736,890,343,False,2021-03-01 22:58:39,1975-02-28 11:54:03
457,462,367.0,1973-11-20 00:00:27,2015-11-12 23:51:13,xtrjb,840,onbdo,tbkew,522,551,241,361,779,184,rnlvp,38,436,59,False,2015-07-04 05:42:27,1998-01-15 18:46:52
458,463,157.0,1983-01-29 11:23:23,1993-10-29 04:02:50,hxqxe,818,bxdlh,pwlok,310,192,497,172,689,485,jcejs,588,760,982,True,2010-02-05 20:47:50,2023-03-09 17:25:27
460,465,858.0,1971-07-27 11:23:40,1983-03-11 04:40:49,lmnqs,848,rsvuf,jzfwv,214,347,43,595,912,73,knkqu,393,939,253,False,1992-02-01 05:50:52,1978-04-03 16:04:33
461,466,201.0,1971-07-12 04:01:42,1988-03-21 19:52:42,auprc,338,jfojh,smbnf,837,377,982,962,992,213,kgcti,856,12,603,True,2001-02-14 01:31:10,2014-04-08 21:37:30
462,467,21.0,2010-03-27 15:15:54,1970-11-29 03:40:41,dcuxd,391,npqrm,lmbmk,523,842,186,956,753,608,akuyr,728,222,489,True,1981-06-13 16:43:08,1993-12-06 16:25:13
463,468,444.0,1978-05-01 00:15:43,1978-08-06 18:40:31,iclyn,913,vhsci,nuwoc,957,208,772,146,319,267,iusow,649,1005,425,False,2020-01-02 02:32:45,2016-12-06 16:58:42
465,470,974.0,2016-03-26 06:13:17,2016-01-19 13:37:34,efwhy,738,cxitt,hutcb,353,95,460,466,56,1020,hywju,681,541,767,False,2020-02-18 22:12:54,2017-03-30 20:43:11
467,472,461.0,2008-02-10 09:59:26,1984-08-26 05:40:36,idwew,566,xqbho,huhyv,366,103,665,294,20,414,kpptj,370,270,834,True,2012-06-30 04:46:40,2005-06-05 06:07:35
468,473,313.0,1989-01-26 15:28:23,1981-06-28 09:18:20,desio,393,cycku,ftmht,639,800,587,72,651,987,fjdrq,661,797,689,False,1978-07-14 03:55:33,1976-07-08 13:30:07
469,474,805.0,1971-03-15 17:43:21,1975-11-02 10:31:24,jzlef,1008,dhrlc,dtmwv,647,366,942,283,547,917,lelsy,660,252,703,False,2017-06-10 05:53:19,2009-09-24 22:19:42
475,480,622.0,1978-04-06 00:57:10,1997-02-04 12:59:41,odrwq,154,ttiyl,nsktd,814,495,579,499,616,130,hkptj,730,265,657,False,1973-05-07 05:09:25,2001-01-12 23:14:41
477,482,828.0,1975-03-31 21:21:06,1997-07-24 02:33:05,rkgji,517,ysrqx,lhlet,508,72,623,232,237,187,afdvp,829,615,686,False,1990-10-29 19:17:53,2007-01-02 01:40:42
479,484,185.0,1999-03-31 04:06:47,1981-10-02 10:08:19,hzjny,156,adjhw,evdvp,76,649,357,822,83,162,pfkuh,694,489,384,True,2002-04-22 22:49:22,1988-08-04 22:50:42
480,485,7.0,1977-07-30 00:21:02,1999-12-13 15:27:52,wyhet,905,gsukn,loazo,252,98,661,971,439,668,iedqa,906,27,110,False,1992-10-01 17:49:41,2005-12-25 10:44:42
481,486,731.0,1974-11-03 21:34:20,2013-12-26 12:13:40,zuthu,474,pqwqr,rrvej,361,988,622,201,550,382,lnjqj,446,322,228,True,2016-05-20 04:41:21,2014-03-04 11:44:27
482,487,415.0,2001-12-30 09:08:09,1995-10-15 05:08:56,esvsa,585,jssdu,ghvtk,687,359,723,604,96,794,pfudm,465,239,74,True,1980-04-25 01:45:00,1980-04-11 22:38:30
484,489,138.0,2006-11-01 21:32:15,2002-01-10 09:40:28,vefca,978,vlfvo,gldch,159,629,661,167,397,537,gucum,702,305,598,True,1975-12-31 07:01:22,1976-06-12 02:38:47
488,493,249.0,1986-12-27 08:43:03,1993-03-05 11:30:31,cvtfj,933,pljmt,cicpi,836,382,185,894,439,871,gdkru,453,478,971,False,1982-09-25 04:39:25,2015-07-13 18:12:05
489,494,580.0,2003-06-23 11:55:50,1987-08-03 21:03:16,nqmci,467,qtnwx,abijc,689,707,872,955,332,525,ftkqw,56,666,827,False,1980-01-10 11:52:46,2014-02-08 12:20:41
491,496,602.0,1990-05-07 01:31:03,2021-03-01 19:05:11,ytqvn,26,isrhc,pywgu,722,923,267,40,310,506,xwhwu,870,450,294,True,2012-09-05 02:32:24,2015-01-30 00:13:09
492,497,152.0,1985-01-10 07:36:19,1994-07-21 05:10:25,jtdfe,340,vyixu,hgxbh,1016,698,173,656,864,832,jewgf,387,798,935,False,2020-11-29 15:20:05,1990-03-01 18:48:05
493,498,501.0,2009-06-11 22:22:32,2008-03-08 12:39:59,sdjfz,99,oocbu,rmqmo,707,68,122,45,642,3,kvvmw,267,690,148,False,2006-07-17 16:13:51,1999-08-15 13:09:43
494,499,448.0,2022-12-01 19:52:36,2003-10-18 19:38:54,csucl,268,xuioo,jvisr,40,65,564,257,692,920,zfygs,398,398,559,True,2003-07-08 01:57:01,1991-11-28 18:17:26
497,502,1014.0,2013-12-25 07:46:37,1972-01-10 05:30:44,csdbk,568,gmboy,icejw,458,282,131,386,785,959,wzobv,529,999,382,True,1975-10-03 23:54:08,1988-06-18 15:25:52
498,503,667.0,1970-08-02 20:48:51,2002-12-29 20:32:00,sukie,107,pnoqb,jpqrj,784,35,21,930,90,279,qdbbb,856,245,924,True,1971-03-22 23:58:46,1973-12-22 20:54:16
499,504,268.0,1984-09-17 08:42:02,1974-03-13 05:56:07,jwzlp,240,ofxeg,uvudc,707,645,656,684,301,885,kchpl,332,394,693,False,1975-12-05 06:22:53,1975-01-28 05:37:03
502,507,356.0,2000-02-12 19:43:55,1983-12-31 22:33:09,hbmfb,618,vavjn,lcxff,631,523,252,934,504,690,svvba,140,842,859,True,1994-10-07 09:00:03,2014-09-02 13:37:45
503,508,824.0,1970-03-05 07:41:05,1981-07-20 10:36:29,hqsbg,854,gqkch,bsjjg,905,239,354,342,232,900,nciky,56,1019,507,True,1975-12-15 22:52:05,1997-11-26 03:23:33
504,509,913.0,2016-08-25 05:16:04,2012-01-23 14:55:40,djcsb,799,youuu,mftea,161,997,889,634,857,246,jclii,828,932,837,False,2017-01-09 07:23:40,1998-10-19 12:35:39
506,511,810.0,2017-01-12 06:45:55,1990-02-12 14:42:59,ituyc,534,pfbmk,ebyjq,744,381,110,626,288,150,klips,469,287,568,False,1993-12-22 09:22:45,1989-07-20 01:54:57
507,512,610.0,2019-10-05 18:41:42,1980-05-20 18:18:25,gsknt,361,vyldc,ixdgn,457,32,456,650,385,253,mkcal,71,11,90,False,1971-07-17 23:27:11,1971-01-15 01:00:39
509,514,377.0,1979-11-17 15:11:07,1992-10-29 06:12:15,wdvra,625,ugogy,wrjiy,94,975,183,414,451,780,bfrnr,413,482,507,True,2014-12-26 08:17:39,1982-05-05 11:26:19
510,515,717.0,2013-10-18 20:12:43,2005-07-31 16:09:25,tqvlo,96,jyaaq,verqh,284,556,981,45,442,903,vuoef,101,302,182,False,1986-09-21 21:50:51,1988-09-20 23:40:18
512,517,516.0,1993-01-09 11:06:23,1982-03-14 04:23:04,rejli,967,tmfmt,scqme,730,825,34,202,935,518,bxswn,399,270,194,False,1989-03-22 04:39:56,1996-02-02 10:41:51
513,518,990.0,2015-08-26 19:00:23,1996-09-08 08:13:28,ntdqe,266,blldr,pmrnm,978,976,111,61,933,658,zfasc,189,957,273,False,1976-03-07 04:54:43,1992-01-27 04:38:01
514,519,502.0,2001-12-17 05:02:53,2000-01-23 17:45:14,npbsu,427,vrxjt,wohsm,7,589,654,990,804,341,muont,902,117,340,False,1979-06-05 12:41:55,1975-08-10 11:26:04
515,520,836.0,1980-06-01 20:38:44,1995-07-11 17:37:16,mmcsc,975,exsct,reqnr,623,505,655,1005,223,229,ptpmx,890,773,984,False,1992-07-04 17:14:37,1973-07-23 00:58:43
517,522,605.0,1993-10-31 00:18:54,2009-09-24 20:55:45,xkkxi,29,rykmu,idjff,458,925,893,695,391,121,eodwf,8,367,893,False,1976-08-18 16:13:31,1999-02-13 23:13:42
521,526,631.0,2006-12-10 21:13:05,2008-07-29 06:01:30,fxnkn,892,ubonb,gttli,57,194,320,651,995,302,yccmc,801,287,188,True,2007-02-20 09:28:26,2015-06-22 19:25:14
523,528,483.0,2009-10-09 05:12:48,1986-03-06 00:38:23,skzac,839,oagih,wovhu,31,724,224,608,673,472,iferc,946,622,146,True,1992-12-01 20:30:37,1977-11-01 21:23:16
524,529,29.0,1998-12-09 23:39:51,1977-05-19 04:46:04,sdvex,985,oeizw,cljsp,363,525,341,697,483,590,rtdjn,118,522,132,False,2017-09-19 00:32:26,1990-04-09 06:17:33
525,530,561.0,2018-05-03 20:37:10,2001-01-12 02:41:53,orsvt,474,gudem,bgmnf,489,297,744,789,890,265,hyjfg,1019,973,878,False,2007-01-22 19:27:07,2008-11-13 16:55:01
528,533,20.0,1971-01-29 19:45:41,1988-10-23 16:00:27,cjapx,657,otasw,xnxnn,778,839,17,904,629,868,wthbs,284,352,398,False,1996-05-04 23:53:44,2000-02-05 22:12:48
531,536,586.0,1990-05-10 16:04:36,1977-09-30 00:38:44,cgaje,812,dogpv,xjiwn,282,930,125,313,450,832,mksoc,88,710,165,False,2020-09-08 05:19:21,1996-06-29 13:40:41
533,538,734.0,2020-06-12 05:00:16,1997-02-07 00:49:14,egnbe,479,jdwll,hgtmr,737,398,216,169,530,977,molgm,218,347,389,False,2016-08-31 04:02:21,1971-11-30 01:24:29
534,539,242.0,2021-07-14 12:53:22,2002-01-18 19:14:43,nohdw,750,xdwds,uipjd,437,495,493,408,128,258,vuffg,968,906,678,True,1984-08-23 13:26:32,1970-04-10 06:29:24
536,541,439.0,1975-12-20 19:51:57,1988-05-24 03:53:11,lntcb,433,tbfrt,wpcxk,819,672,49,120,615,356,lxmut,742,33,387,True,1993-04-02 04:10:16,1985-05-06 02:14:10
537,542,588.0,2005-01-25 15:47:53,1975-08-26 15:35:03,ttyyj,231,spoil,ilcoj,439,448,837,434,267,241,bfnlm,640,490,6,True,1989-05-22 12:43:30,1974-08-02 02:29:20
539,544,827.0,1972-11-10 05:52:48,2017-09-16 02:48:15,fezds,31,shphw,olnoo,66,143,504,200,746,18,mirux,528,902,79,True,1998-10-21 05:15:27,1994-08-13 21:13:44
544,549,765.0,2003-07-04 05:20:45,2001-08-31 06:08:30,cuwey,1019,yoidm,cffbf,420,896,54,251,886,715,oqdjt,87,7,684,False,1979-10-25 01:41:09,1992-07-12 22:34:37
546,551,529.0,1985-11-29 04:30:42,2021-07-17 04:13:56,pxxen,204,ykxol,ezqal,124,598,867,963,987,483,mifou,308,548,448,True,2010-11-05 04:45:19,2015-11-26 05:32:06
547,552,380.0,1983-02-04 00:18:44,2019-04-25 12:43:30,eveba,393,feavc,ydggo,623,860,785,17,683,755,bisqm,421,858,9,True,2016-10-04 19:16:19,2022-10-26 06:54:24
548,553,545.0,1987-11-29 12:58:12,2001-02-05 01:32:39,pmmph,688,ekxgk,xdnmi,374,511,850,764,533,60,jvngk,724,341,192,True,2017-04-20 11:11:37,2022-09-25 05:15:20
552,557,627.0,2007-06-14 20:53:16,2019-06-04 03:24:54,wyewk,600,ligwr,ntfvk,93,262,505,864,849,85,rkimh,947,683,620,False,1993-09-30 11:11:06,1975-08-26 03:26:05
553,558,472.0,1977-10-21 05:16:01,2008-02-06 07:57:42,wedmj,551,xkbqr,prhck,867,792,1004,9,575,177,gtufr,988,805,649,False,1974-01-26 15:13:32,1973-01-12 18:24:05
554,559,790.0,2021-08-06 22:18:32,1988-10-09 03:19:03,gbfqk,376,nuvur,smfal,212,21,582,579,187,218,jrdhn,390,198,332,True,2022-03-18 08:45:21,1994-04-15 14:15:34
555,560,1008.0,2019-02-21 04:55:08,2002-09-01 09:11:42,fgirm,353,yccmo,klxth,263,840,758,73,872,750,dcrgs,782,226,839,False,2013-12-10 10:23:25,1986-05-18 21:20:15
557,562,109.0,2003-05-30 19:23:00,1993-05-05 14:20:10,owwbe,44,qsrdg,jncmc,982,411,141,20,832,777,jjyee,630,898,312,True,2018-09-19 09:11:42,2011-09-07 19:01:09
560,565,262.0,2015-04-29 17:40:33,2005-06-01 05:08:10,lxhls,975,xeqcz,xsium,895,464,656,488,724,661,nklta,112,554,541,True,2009-08-13 04:05:34,1995-03-27 03:53:36
561,566,270.0,1985-09-12 08:04:36,1972-12-05 17:53:57,llnvu,669,hhtsi,vqrji,245,888,304,577,173,10,tsghh,146,823,504,True,1995-08-09 00:32:22,1980-04-20 06:21:31
562,567,423.0,2019-06-08 17:59:19,1978-12-16 17:59:07,pnlbb,196,hibux,omnrn,707,83,88,60,629,821,nmuqc,224,379,648,True,1983-02-01 21:00:11,1976-01-31 23:39:04
563,568,424.0,1985-08-30 10:03:34,1995-12-28 11:24:53,gfqvt,576,hwttu,vltrn,629,760,260,139,874,268,vrzyi,620,695,283,False,1992-06-14 14:25:43,2013-12-09 19:32:31
564,569,839.0,2002-01-17 04:51:10,1991-10-16 19:52:12,bhdjk,693,csnls,qnuki,371,112,166,351,100,390,nnxtj,623,253,776,False,2021-12-03 14:02:18,2011-09-16 17:43:14
565,570,766.0,2017-08-21 12:41:51,1999-02-13 06:46:53,qcuul,440,bmugb,mjeqn,336,1005,567,702,853,142,lqnok,171,107,158,True,2013-12-29 23:18:29,1979-12-24 22:57:46
566,571,468.0,2002-09-20 00:09:40,1970-02-02 17:56:58,dcnxx,210,lsfce,jgqwu,152,777,1000,952,569,238,swstx,19,740,608,False,1999-05-31 20:58:18,1994-06-13 15:48:18
567,572,613.0,2016-11-27 20:16:28,2004-03-17 17:26:37,xyfcb,204,fvusf,qbydt,491,195,628,233,196,174,bhcub,222,621,189,False,1997-03-13 18:53:11,1992-10-29 04:50:17
569,574,117.0,2020-01-01 07:28:37,1976-08-05 06:28:05,hlmjv,934,yccds,jhoqi,94,694,860,455,214,513,jiqpp,203,339,642,True,1977-07-24 04:09:03,2000-10-09 16:29:13
570,575,41.0,1999-02-22 11:33:19,1998-05-22 16:14:49,sbfhp,525,qsugw,nmice,154,821,338,533,656,102,qkfjl,110,214,347,False,1981-03-27 08:02:22,1988-01-24 20:32:38
572,577,681.0,1999-07-15 22:19:45,1990-02-12 17:04:01,mcuoj,273,kbght,yokkv,89,10,843,203,1000,980,hocgw,185,526,110,False,1974-03-04 15:07:50,1979-01-16 15:19:33
575,580,685.0,1986-10-21 14:17:22,2017-05-18 19:36:28,qnxvp,74,nahuv,dkrot,350,357,784,561,137,38,iefxy,119,1,569,False,1987-03-22 22:54:20,2004-02-16 18:18:53
577,582,96.0,1991-01-09 07:14:00,1992-03-14 08:28:55,fvuka,485,tgspp,vobei,869,426,444,852,220,856,klxyf,299,252,656,False,1989-07-20 11:30:35,1976-12-30 06:14:53
580,585,552.0,2013-11-10 11:33:17,1992-03-15 21:49:53,yuory,357,ikogt,lvcxb,562,674,306,255,398,347,gzsvi,442,106,24,True,1975-07-01 19:51:54,2012-09-13 21:56:34
581,586,738.0,2009-04-12 02:56:38,2013-04-08 21:20:58,byqgj,125,mqmvn,zeddh,39,853,894,453,164,721,ksxyn,437,191,823,True,2019-07-26 11:50:50,2021-07-03 23:49:55
588,593,83.0,2014-12-06 23:49:53,1972-09-04 15:38:43,ahgmi,733,nnbdk,itbne,814,43,696,251,175,36,awpvu,665,383,760,True,1988-10-22 05:27:25,2013-06-18 15:46:35
589,594,376.0,1998-11-11 12:48:08,1985-02-15 07:33:08,wsgcu,932,isqav,rrilm,980,251,858,848,338,324,gjijr,1001,977,25,False,2008-07-15 14:59:48,1998-07-25 19:34:59
591,596,432.0,2021-02-12 01:27:02,1972-08-14 01:34:27,kjpyz,1008,tkxql,ptkuc,761,704,878,703,324,236,clgjk,616,496,289,True,2021-05-07 13:29:19,1978-09-14 20:57:41
594,599,315.0,1970-11-07 15:13:36,1997-10-04 00:32:50,ztqwf,120,hhsln,okuba,338,1012,243,259,563,183,tqwcq,891,843,832,True,2007-07-30 19:13:46,2005-03-09 09:45:06
595,600,969.0,1973-07-31 20:54:02,1975-12-21 09:23:11,fgqag,382,peruu,dluid,823,679,849,744,31,34,wilwh,786,329,864,True,2021-05-14 17:05:53,2002-07-07 19:24:13
597,602,506.0,2022-04-19 00:23:38,1978-02-14 06:21:29,ntpjl,640,rfwjf,lxbep,444,1004,266,380,807,29,qgdgn,798,293,333,False,1986-02-01 22:43:50,2022-02-12 08:47:09
598,603,1003.0,1989-04-22 02:11:06,1996-02-18 18:45:04,flwrq,797,wjiez,hgnyu,521,415,972,728,171,161,jyyry,95,428,420,False,1987-04-12 21:16:29,2020-07-17 05:40:06
600,605,210.0,1995-10-25 10:02:55,2000-01-11 16:14:28,jhpeo,307,cnjiq,nbkrr,124,667,918,937,474,683,otlvv,602,1002,280,False,2020-09-03 20:27:41,1974-08-18 10:41:24
605,610,59.0,2001-02-12 10:37:58,2012-03-25 14:23:06,ptugj,770,jndba,termq,633,887,410,417,53,896,gfotw,769,543,998,True,1998-11-22 05:12:27,2004-01-04 19:35:37
606,611,662.0,2006-02-02 16:18:22,1981-03-26 08:45:59,mkdqh,747,pvanu,emktp,539,154,589,518,405,692,nuvlm,307,349,223,False,1970-12-01 21:15:28,1991-12-14 00:06:41
608,613,751.0,2006-07-24 02:38:47,1993-01-02 11:15:32,mmkbo,780,rytub,jptlt,787,536,313,137,911,94,ivxhv,774,338,903,False,2014-06-20 03:43:04,2020-02-20 08:08:14
609,614,462.0,1996-11-06 13:04:43,2003-08-29 09:38:27,pbhoi,662,cwwbw,birwi,284,776,915,917,868,435,wschh,772,864,158,False,2012-06-22 03:52:35,1973-12-25 13:33:50
610,615,744.0,1974-05-21 11:05:04,1996-09-25 15:01:30,ftpej,472,wdjdi,sslvw,745,178,569,380,986,170,omkec,235,882,167,True,2017-12-19 14:39:34,1984-10-22 04:40:13
611,616,122.0,1990-09-28 10:10:31,1986-03-21 04:52:42,auioh,744,psdqw,glgjy,975,881,235,872,467,321,iuawp,633,577,503,False,2021-09-30 01:49:46,1991-07-11 06:33:07
615,620,24.0,1975-11-05 22:28:19,2000-07-07 22:03:27,bjcjx,717,mghnp,opcyn,913,815,643,317,344,278,ohpfg,75,326,365,False,2014-06-29 11:29:46,2013-07-28 00:38:29
617,622,597.0,2000-10-14 01:55:43,2003-09-16 09:16:17,jtheb,134,itfmu,zzjbs,184,925,758,991,377,284,bbwjl,618,186,70,False,1983-11-09 06:29:46,1970-02-25 18:27:42
618,623,341.0,1996-07-20 19:11:47,1988-02-06 19:43:29,dekvv,356,mewmr,dzwkp,591,949,700,967,388,43,woaco,251,1018,161,True,2023-01-27 04:42:05,2003-01-25 22:22:19
619,624,496.0,2001-05-30 02:11:43,2002-07-11 21:11:50,tvpxy,403,bhzln,zdsgx,590,696,901,188,426,672,jefjg,607,48,356,False,1995-06-06 04:10:44,1982-05-22 21:16:24
625,630,108.0,2021-02-09 01:04:23,2010-04-16 19:44:07,drpxo,333,zuivw,uuytl,606,459,722,782,17,345,pfnmf,925,466,140,True,1974-10-24 02:25:54,2003-01-25 17:48:49
626,631,557.0,2004-03-26 05:20:39,2020-09-18 17:47:27,xmugk,25,qsnol,cjwvb,848,89,592,775,804,735,aijfg,831,772,80,False,1976-01-01 09:30:02,1993-03-17 00:22:48
628,633,611.0,1980-09-15 13:46:04,2003-04-06 18:39:06,iiisy,167,grvmq,wobfc,497,1002,117,446,431,454,wwmtb,147,31,415,False,1989-12-09 21:01:54,2015-01-30 09:53:28
629,634,361.0,1980-02-12 08:15:05,2021-05-24 18:24:45,kllfy,1012,vbtjl,fprnq,654,490,707,58,582,974,syjwg,917,395,81,False,1990-12-14 22:02:03,1984-12-13 11:05:15
630,635,914.0,2022-06-12 02:41:54,1998-09-01 17:35:25,wdznj,672,kxvdv,vwhny,220,953,757,900,949,623,isjtm,495,792,984,True,2009-11-07 15:20:54,2021-09-02 20:46:46
632,637,842.0,2022-11-08 18:58:45,2009-11-17 02:38:43,hrlhd,219,kpvtc,vwbqu,132,998,828,574,470,484,wlvtl,126,849,829,False,2021-02-17 14:23:01,2018-08-04 14:49:42
634,639,482.0,1974-01-04 12:26:26,1996-08-21 07:05:12,coxir,391,brheq,yxrwa,194,587,335,313,228,225,uqunu,618,277,686,True,2000-02-09 15:35:13,2005-01-16 02:53:51
639,644,939.0,2000-10-25 13:46:34,1972-12-04 03:07:26,azeow,181,opcwt,fokif,792,49,756,958,974,445,wxequ,81,811,911,False,2006-04-03 19:02:22,1995-06-17 23:50:00
645,650,363.0,2018-10-27 22:51:37,2002-05-29 07:59:40,crfzf,747,ipuyh,njosp,739,647,540,302,876,446,nhuxr,960,863,237,False,1998-07-22 15:21:42,1970-08-12 07:29:28
648,653,848.0,1994-12-25 05:13:17,2019-11-21 09:37:29,kucff,654,hwsvq,ygkvu,639,374,732,354,920,845,mcclc,569,115,901,False,1991-12-16 12:59:35,2005-01-23 21:46:38
650,655,443.0,2020-01-05 03:46:10,2015-09-02 17:00:46,jbwmi,889,ddtcc,kwmxx,765,771,319,642,189,155,gdjcv,681,584,784,False,1993-07-27 04:03:06,1994-04-26 19:50:47
651,656,594.0,1976-02-24 13:08:01,1989-12-15 00:41:55,xnnmj,687,xxxkf,knzpj,450,276,420,5,260,769,gycyi,697,611,445,True,2002-07-23 01:25:54,1988-06-26 05:55:11
654,659,737.0,1991-12-07 13:00:02,2017-11-23 07:17:05,tbgmd,463,csiom,hbleo,747,704,851,290,663,123,ndhol,101,574,504,True,1984-01-03 20:36:56,1989-01-17 01:55:45
655,660,900.0,1990-04-24 00:24:46,2020-02-24 15:00:39,sijsn,474,vjntg,pfptb,258,521,256,845,100,958,foecv,513,110,571,True,1991-04-26 20:11:17,1988-02-14 03:53:13
657,662,938.0,2019-09-16 12:25:15,2007-06-11 14:23:22,qoxqg,612,uxhlw,yosqq,54,366,917,736,189,708,tdnlv,782,282,685,True,1998-12-23 01:39:11,2002-02-02 03:19:43
659,664,901.0,2004-08-26 22:35:01,2020-07-16 19:37:56,nulsd,211,yubpj,yhhka,667,123,873,428,780,858,ixiwb,124,216,632,True,1984-08-04 14:12:34,2000-02-16 14:56:07
660,665,97.0,2023-02-16 15:44:54,2009-11-26 10:04:51,cxloa,1020,rajiu,hkpaf,304,343,328,968,243,166,fliil,525,81,13,True,1972-05-11 23:55:00,1987-09-07 09:08:55
662,667,747.0,1982-10-31 08:45:54,1992-11-10 17:57:10,hjwni,757,fsmpp,sfnfa,490,178,713,534,99,540,gnlit,679,569,253,False,2007-12-23 18:44:58,1993-06-07 09:13:48
664,669,829.0,1997-11-01 00:46:06,2017-06-18 06:50:39,giuij,586,yxoom,bbfgw,823,136,506,589,728,618,lshsy,13,278,849,True,1984-10-29 18:14:30,1999-03-18 10:49:55
665,670,4.0,2002-01-09 22:48:44,2003-04-22 21:54:40,prqjj,197,byjwi,rdtso,399,570,486,938,1000,168,clepx,206,410,446,True,2011-02-15 16:39:10,1993-04-29 12:33:29
670,675,775.0,1973-11-24 06:38:35,2003-08-08 11:29:26,oicsi,615,pgfcm,vapwq,481,882,444,123,682,190,hitmx,1015,134,340,False,1996-09-01 14:10:52,2022-10-25 16:48:15
671,676,929.0,1970-08-21 01:01:24,1973-05-30 10:35:07,pxavp,864,cphus,uugbj,786,733,672,718,993,712,trzfd,849,505,377,False,2008-06-16 15:10:48,1984-07-23 18:04:46
673,678,254.0,1993-11-15 19:29:28,2007-02-02 11:51:20,bfneu,555,iilmr,gegue,962,383,896,316,541,966,mijej,120,651,458,True,2006-04-18 01:27:38,1993-08-05 11:06:26
674,679,536.0,1971-08-21 15:41:42,1992-07-19 04:46:45,uvjis,1000,ikqjb,ghudo,1011,722,432,45,611,591,yftds,49,373,339,False,2003-09-02 14:53:54,2016-09-02 20:10:51
677,682,224.0,2016-11-26 11:43:52,2003-12-07 22:57:34,kikkc,319,yxcsm,ujlqw,781,339,156,925,178,192,tmjdm,226,624,594,False,1990-06-05 01:52:26,1985-01-06 00:43:12
678,683,704.0,1995-09-21 07:20:05,1974-06-09 23:42:19,ljcvx,735,nrpky,dmrny,737,1015,837,223,504,328,wysae,892,963,898,True,2017-05-05 20:17:26,1980-01-23 04:06:30
681,686,673.0,1995-08-01 04:54:10,1993-02-02 20:38:59,pugtb,74,fvvsc,dpuyb,91,1003,282,39,960,859,nhgmu,767,984,64,False,1971-02-12 21:41:38,1984-01-26 11:57:04
683,688,239.0,2000-08-11 11:38:47,2013-03-06 02:33:48,jztej,563,klory,uwobx,867,111,217,763,589,153,papkj,997,317,449,True,1998-08-13 14:04:23,1990-02-24 02:34:00
684,689,505.0,2006-02-17 03:05:53,2022-07-18 23:28:04,iqmzv,929,awrpf,gnaiy,578,74,971,43,916,946,ulnbv,176,523,961,False,1972-04-12 00:25:42,2016-12-21 01:47:43
690,695,550.0,1989-11-07 02:37:06,1992-10-03 05:36:04,lusov,641,bydjo,kyyvo,182,671,65,590,859,170,yltlu,572,50,547,False,2005-12-05 13:16:38,2014-04-24 10:18:54
692,697,221.0,2019-04-26 21:26:17,1983-10-22 19:56:37,ajacd,653,qphdl,hrffk,965,22,382,523,223,528,vcgnd,1019,158,1010,False,1970-06-05 15:57:43,1985-01-15 21:20:30
693,698,776.0,2019-10-18 06:51:42,1985-09-05 21:12:41,icmha,836,ovnon,kusfu,700,162,406,336,270,400,tbxrk,210,768,196,True,2019-01-23 05:16:23,1970-02-08 11:01:51
694,699,896.0,2018-09-19 04:40:05,2009-04-30 06:57:53,nsipv,502,vbsyp,gjqvm,221,791,153,701,205,337,dbjwc,712,372,810,True,1986-01-27 18:49:44,1977-08-04 15:41:32
697,702,777.0,2000-07-10 09:27:01,2013-04-24 15:42:23,nwvam,395,huxyd,cdtnx,319,295,658,909,535,942,qqtrl,416,118,743,False,1988-06-08 12:39:30,2008-06-30 11:59:02
698,703,894.0,2010-06-05 20:25:38,1980-05-04 21:11:29,thlle,21,rfcur,yhcld,272,214,85,12,30,443,hhkyx,999,685,860,True,2004-02-12 06:21:45,1983-11-22 12:30:38
699,704,426.0,2020-12-30 15:17:37,2003-01-15 05:54:46,bifoo,585,mruyt,jmmxi,954,508,920,5,115,334,zbgnn,355,743,968,True,1993-03-06 03:05:54,1991-01-21 03:02:09
702,707,644.0,1995-04-10 01:37:59,2019-07-26 06:22:57,jibxa,415,zjikv,vwhno,524,218,645,55,410,683,pzsqy,423,770,744,False,1993-05-24 21:30:25,2013-06-25 16:03:13
704,709,973.0,2018-03-31 23:27:51,1990-08-11 14:32:39,rdywr,315,dqiej,qrxcj,187,489,367,473,626,957,hqpyu,406,517,153,True,1975-03-26 15:11:28,1992-08-31 18:19:30
705,710,962.0,2013-04-26 12:55:43,1996-03-14 14:15:48,apurf,913,tvtmi,rywrj,433,431,19,900,839,468,pksxt,697,649,319,False,1978-06-23 10:04:01,2002-07-13 19:00:26
707,712,950.0,1979-12-01 16:44:55,2016-09-26 03:39:13,lfafy,814,rbpjn,gevfm,194,159,27,770,489,104,qoqvv,267,1010,413,True,2001-03-03 22:17:45,1976-11-26 21:00:08
708,713,179.0,2010-05-09 06:42:41,2001-08-31 21:08:36,tjcwm,636,owlci,xwmfx,320,996,732,365,285,830,yrvsi,226,703,248,True,1972-10-14 09:33:19,2010-09-14 11:17:42
713,718,56.0,2016-03-29 17:38:03,2015-06-17 11:00:17,nadda,376,pffir,uqrrx,581,82,281,247,579,148,khspe,1001,218,704,False,1981-05-18 15:34:10,2002-05-12 08:56:54
714,719,930.0,2013-12-16 06:23:38,1996-04-27 19:14:20,xtrip,448,qgsjv,egxcw,720,254,542,179,508,434,tcbgp,667,506,708,False,1992-05-27 15:58:12,2007-10-06 14:25:53
715,720,719.0,2011-04-13 14:51:03,1982-05-14 08:58:45,tteyl,245,tfkeh,iwjdh,937,259,131,16,44,653,ctovn,579,183,784,True,1971-09-10 16:18:33,2005-07-08 12:23:23
719,724,696.0,1976-11-25 00:32:31,2000-12-02 04:37:03,vdycq,910,tiupv,ramas,740,665,262,871,850,525,nogep,617,643,116,True,1996-03-12 17:50:21,1990-04-15 19:39:42
721,726,831.0,1974-07-24 04:01:04,2016-01-23 04:41:31,nnzwf,613,rvvtf,umkgx,374,427,85,149,411,22,xfjno,74,355,111,True,2007-04-13 15:31:55,2011-03-10 14:53:07
722,727,166.0,2019-08-24 05:04:17,2010-08-30 09:20:28,bdqbo,515,yuexh,myrpy,495,986,670,907,173,569,dvvmz,781,559,829,False,1988-08-27 07:20:46,2006-02-14 07:54:06
728,733,497.0,1995-02-26 11:36:35,2014-12-08 14:59:54,ujxtd,433,wfixp,oqele,372,766,985,269,523,940,ashmg,397,170,836,False,1971-04-07 10:18:08,2014-05-10 07:37:03
730,735,856.0,2007-02-09 22:59:29,2020-07-19 00:32:02,nywey,689,nhuoh,yjodr,210,983,804,846,608,232,yytps,919,268,391,False,2018-06-04 19:03:40,1984-03-10 02:01:19
732,737,558.0,2010-02-16 01:20:18,2004-01-30 15:05:06,rgsqj,790,mhgms,ljdxg,613,260,968,46,940,107,pcnqp,753,13,197,True,2010-05-26 11:55:48,2012-06-12 20:59:46
735,740,674.0,1997-04-26 07:43:23,2004-08-08 21:16:05,kricp,257,tqjqq,qjjgf,390,715,772,702,717,1003,qikxy,538,40,160,True,1988-07-27 20:01:21,2014-05-27 21:11:17
738,743,888.0,2018-04-27 00:41:05,1983-03-01 10:10:40,vmbmk,556,yzdhn,xwhjh,319,471,597,504,213,110,kevbg,910,423,919,True,1972-08-08 08:42:33,2001-06-15 02:40:04
742,747,584.0,2004-07-02 05:57:17,1972-07-25 04:52:18,dcwkp,849,ryjya,hjmdt,686,684,258,401,263,478,ntydm,814,360,72,False,1971-02-21 21:14:14,1985-01-25 22:05:16
745,750,67.0,1996-03-03 16:07:34,1999-07-09 13:04:10,eyclb,539,ydepo,jvkjm,406,13,937,242,522,763,locrn,111,163,137,True,1985-12-23 09:17:31,2018-07-26 06:29:48
747,752,998.0,1978-11-18 17:53:36,2020-11-13 20:44:51,prvlc,90,ubfkf,sothw,344,311,939,953,539,287,dkstg,83,508,264,True,2014-08-26 19:36:51,1984-04-16 23:53:24
748,753,98.0,2013-03-11 04:47:41,1996-11-02 17:26:19,gqlus,717,legvy,oeqlr,342,453,541,433,543,292,ykmfg,623,961,915,True,1983-11-10 23:48:55,1982-03-24 18:46:40
750,755,167.0,2020-08-13 03:20:55,1992-11-02 13:42:10,vccdo,914,mvxmw,nuwqo,154,1020,539,346,82,368,lbmrl,366,682,292,True,1978-02-28 05:10:10,2003-03-01 12:50:08
756,761,255.0,2018-01-29 10:21:33,1983-04-20 05:02:31,lvarg,834,qzvyb,oedqm,807,478,683,415,356,727,movps,237,108,275,True,1975-02-28 23:06:21,1978-01-05 02:17:45
759,764,500.0,1976-07-18 08:17:31,1979-05-27 03:11:00,ongvg,708,xwcur,dyhkk,147,298,938,33,488,93,nyrup,819,372,523,False,2012-09-20 20:13:30,2020-03-21 09:00:07
760,765,617.0,2016-04-23 19:12:44,2023-07-12 09:20:36,lplfh,283,oyfpe,lgsov,1001,490,355,291,25,518,tnpwt,689,939,237,True,2000-10-07 03:27:13,1984-01-01 17:30:50
761,766,65.0,2021-07-09 17:26:07,2018-08-09 11:36:38,onloj,129,hsfqq,xpcqd,505,386,455,925,510,455,qklyd,907,191,85,True,1972-04-27 18:44:20,2018-08-16 16:20:01
763,768,940.0,1998-12-18 21:24:45,1991-11-11 04:27:20,alwwx,293,odjju,zqyuc,281,988,854,468,545,471,hekgr,752,452,598,True,2021-08-25 21:28:30,1986-11-19 08:54:33
765,770,727.0,2020-10-05 15:00:22,2004-04-15 00:24:49,pdkvi,242,kwibu,bujub,631,636,251,225,320,774,exarb,230,599,116,False,2014-03-03 07:03:34,2008-12-15 00:37:13
769,774,934.0,1995-02-14 19:48:18,2002-02-22 07:10:52,emdft,553,tmhgw,lnqhf,57,385,725,639,738,886,rekiu,942,233,175,True,2017-12-06 11:03:38,1970-03-23 11:37:29
772,777,375.0,2020-08-10 06:43:27,1984-06-05 05:53:08,lwigl,767,lcily,vsmhl,840,922,348,92,320,420,yyyuy,160,684,86,True,2010-08-22 15:36:15,1997-05-25 22:59:27
773,778,358.0,2010-08-06 16:48:30,2022-03-01 23:42:32,fjvnb,450,rwnem,pmavm,685,678,707,631,335,108,fkqce,179,990,734,True,1987-02-08 22:29:05,1984-11-10 01:34:59
776,781,347.0,2015-07-23 19:36:14,1997-06-25 22:05:14,nlotr,1023,lbdkd,nbekt,744,456,841,65,117,953,nnxml,527,779,550,False,2015-04-20 16:01:28,1989-12-02 20:39:01
777,782,74.0,1989-08-28 17:47:59,1976-02-12 03:27:49,nbbei,805,mqemm,ludfn,623,964,710,301,421,368,alzay,139,658,940,True,1987-03-17 17:41:04,2017-02-11 01:56:58
779,784,392.0,2003-02-22 14:28:34,1989-11-28 20:17:51,cqivd,827,lczsg,xnvtw,199,204,555,832,870,768,onucf,446,458,86,True,1973-12-04 09:49:25,2017-05-08 16:43:56
781,786,590.0,1986-09-11 10:28:10,1988-08-10 14:23:41,rwoes,750,soiky,zqcjv,124,241,718,383,119,110,pvceh,97,676,534,True,2000-10-25 17:29:47,1978-07-28 04:00:07
782,787,1005.0,2010-09-07 03:51:44,1973-01-18 12:11:29,ckcih,984,nyufu,krfxf,352,70,341,363,9,772,nybln,509,699,689,False,2018-09-08 09:10:34,2008-07-22 13:23:06
783,788,855.0,1985-08-30 03:33:36,1988-05-29 04:48:00,yvkqo,521,plbyu,inoyv,226,197,312,135,893,157,ojmal,11,367,468,True,2013-06-24 15:43:30,2004-07-05 04:50:09
784,789,442.0,1991-10-09 17:58:29,2014-12-23 08:30:24,trdgp,688,biyql,cgjua,449,88,193,481,327,192,nyeih,553,925,651,True,2013-03-12 07:40:16,2012-10-29 09:34:55
786,791,284.0,2022-01-28 16:35:06,2018-06-02 11:22:20,srjih,944,nknqh,qwiqu,552,759,913,276,271,502,yqsbp,687,211,278,False,2007-10-16 12:53:09,2001-01-24 12:43:58
788,793,119.0,1980-01-06 21:42:48,1978-12-21 06:01:39,clext,373,ehfsa,jxpig,513,961,95,132,245,813,dsnpp,460,964,468,True,2004-03-10 01:22:31,1983-07-11 17:44:31
792,797,257.0,2003-06-09 19:38:38,2021-02-13 04:51:07,ryiub,677,omhyj,okaho,500,643,558,566,485,23,atsic,171,491,750,False,1986-08-03 04:28:58,1990-05-09 07:33:13
797,802,515.0,1978-02-16 05:47:30,1984-10-22 09:21:01,mdagm,820,ecbmp,pgjvx,1021,712,914,269,977,111,ppxox,381,546,945,True,2021-11-23 01:36:06,1979-06-13 13:21:38
801,806,548.0,1970-08-25 11:48:07,1978-07-01 13:35:12,uifkp,287,dwhnz,oyycs,277,140,222,537,423,518,hoego,764,646,752,True,1984-05-14 10:22:19,2007-09-20 03:31:11
802,807,406.0,1982-05-05 11:25:08,1984-07-16 01:53:17,rkkng,400,qrupu,oylyq,559,762,797,853,369,217,femvv,564,532,804,True,2023-02-20 05:46:13,1980-02-26 15:59:10
803,808,677.0,2022-04-03 02:16:22,2016-10-09 16:04:25,oqpep,466,hwbrm,kxynf,820,48,15,537,477,935,uamyt,664,796,766,False,2001-12-05 00:22:22,2006-04-19 12:19:57
805,810,621.0,1990-04-06 13:38:09,1998-01-24 21:12:36,kzors,85,idetb,bylel,581,904,36,987,476,1011,wuqdl,669,1004,216,True,1983-05-11 01:27:54,2002-06-19 16:30:56
808,813,936.0,1971-07-08 18:43:14,2005-01-04 04:11:34,hjefy,954,fsfql,zvivj,208,33,68,278,82,67,gvqmb,124,84,747,True,1986-06-14 11:31:52,2020-08-21 09:04:50
810,815,6.0,1993-01-02 10:15:42,2002-03-28 07:29:01,tfyvm,732,vxrva,syxwj,114,698,250,411,122,616,ukyfn,378,766,69,True,1973-12-04 16:10:18,1984-05-08 08:07:33
812,817,563.0,2021-02-06 04:51:39,2020-09-27 04:25:47,luchy,515,vkqaa,uxcnw,750,946,167,884,537,901,fcwli,990,939,604,True,1982-07-20 02:58:35,1975-03-07 08:17:26
814,819,788.0,1971-05-11 16:04:08,1996-03-31 07:03:11,bugzw,673,muexg,xfibz,46,660,1013,257,671,799,llwso,945,349,109,False,2010-08-21 10:44:20,1976-03-08 14:15:22
818,823,980.0,2017-10-20 16:59:49,1978-03-19 20:38:31,gibgq,269,nksrx,hrzfq,771,848,565,701,157,183,tjkgh,606,585,141,False,2016-09-03 04:56:44,1980-07-18 10:09:48
819,824,579.0,1972-12-26 00:41:48,2001-03-02 20:28:45,unplv,256,xqqll,zfmiw,756,805,942,370,410,1012,dvqmw,495,940,895,False,1990-03-30 17:00:27,1992-04-13 08:55:57
826,831,924.0,2002-06-22 16:19:05,1997-01-29 16:00:10,jexrf,372,yyqlu,kjzik,566,595,626,347,86,386,xoicl,992,52,352,False,2022-01-02 20:47:01,1997-07-05 03:05:47
828,833,354.0,1998-01-29 18:54:51,2007-12-30 05:05:22,lnpgt,333,rlong,xfkmd,989,528,95,256,804,624,iupsa,480,816,456,False,1974-04-16 19:00:44,1977-08-16 09:24:12
831,836,177.0,1990-04-29 03:14:05,1999-06-20 13:46:06,qonvt,870,naexr,qorar,475,31,919,961,600,906,yzxch,313,924,90,False,2016-07-07 22:49:29,1975-04-03 16:44:35
832,837,645.0,1993-08-15 18:16:18,1994-09-19 11:46:12,lmwdp,220,milwy,ohbbu,574,963,599,756,965,528,uifdb,344,1015,660,False,1975-05-26 03:11:17,1983-06-27 11:16:14
833,838,508.0,2000-05-05 19:04:56,2010-02-05 16:47:48,kmwln,835,zhoqu,mshhq,102,689,523,704,432,32,ogfij,369,776,361,False,1981-05-06 07:45:03,2023-06-04 17:22:11
834,839,134.0,2006-11-18 18:23:40,2011-03-12 03:05:23,svgaq,41,vcrtp,luvtw,155,511,858,580,32,146,rwjbu,746,937,150,True,1972-10-07 15:01:17,1985-12-24 09:32:49
836,841,648.0,1998-07-31 02:13:32,2002-01-27 10:18:35,wxrmh,312,sdkkq,wehkz,527,618,182,345,340,705,jrkac,216,289,617,True,1995-09-02 15:00:40,1972-12-15 17:46:48
837,842,931.0,2000-06-14 05:56:28,1984-02-22 22:28:13,kbfxg,184,nasuy,cezes,970,479,822,270,893,920,jnlge,423,605,54,False,2000-02-14 10:50:26,2007-04-29 23:58:32
838,843,1023.0,2002-10-13 00:15:44,2018-10-31 04:18:14,qylqe,769,dhyod,uvxms,340,53,320,423,370,884,sbtsq,886,315,478,False,1995-04-10 18:13:10,1975-08-11 02:59:10
840,845,196.0,2003-10-25 00:34:03,1993-10-09 18:28:35,qseaw,549,tjwvb,bqkyx,7,233,696,762,783,554,mxhro,157,865,920,True,2018-03-02 02:38:08,1990-12-07 00:08:01
841,846,459.0,1983-05-08 18:39:58,2019-07-31 12:52:59,yunet,556,wllns,prwbz,746,326,1019,73,621,369,ytfjs,689,662,17,False,1992-09-06 21:59:58,2014-12-26 17:01:34
842,847,539.0,2001-11-21 03:37:04,2004-06-15 13:12:09,svezu,558,mjmub,qwltt,668,129,647,137,535,438,ibkeq,157,386,576,True,1990-04-20 22:55:57,1971-03-07 03:19:42
845,850,542.0,1980-12-17 01:54:04,2014-05-06 11:40:32,tefch,919,cksxq,ugbfc,23,102,95,128,31,718,tgucn,413,811,639,True,2011-11-08 06:59:32,2017-01-28 08:32:44
846,851,447.0,1974-07-18 18:23:14,2015-10-30 23:43:23,vllhu,757,ngqca,iebbh,610,109,839,598,148,372,emnpc,303,694,257,False,2019-07-05 00:51:44,2013-06-06 02:36:46
849,854,155.0,1978-01-30 13:17:22,1992-07-30 16:18:52,bgdrc,139,yndyc,kiyyw,414,882,823,458,1003,365,rrcgm,995,795,265,False,1998-12-04 03:44:31,1976-02-03 00:51:36
851,856,555.0,2004-02-17 17:17:26,2006-04-20 00:13:43,mntus,143,hvfvj,fknff,578,679,721,998,897,547,vfend,319,961,565,False,2011-08-01 06:59:26,1972-11-12 20:04:51
852,857,615.0,1974-06-20 06:32:35,1997-09-09 00:20:36,qrqkr,529,tqhyb,nhqom,700,671,856,718,687,481,absuy,380,86,141,False,1987-11-20 07:08:27,2010-05-16 13:30:48
854,859,921.0,1977-06-01 06:05:18,1991-10-26 08:40:06,kvixa,967,pxlgx,ssmnq,667,498,882,966,319,175,tssbk,693,236,526,False,1998-06-01 20:42:37,1993-10-20 22:12:03
856,861,876.0,2013-01-29 02:28:04,2014-09-29 16:11:30,ubftt,622,sttwm,ryycw,1021,550,863,438,294,794,qehvv,629,833,32,False,2008-06-20 14:15:21,2011-06-23 14:04:42
858,863,668.0,1996-12-14 23:41:40,2007-07-17 20:43:04,cufdo,139,cjchk,fzswz,508,233,234,200,62,544,fvkck,1002,485,382,True,1978-06-06 07:40:06,1995-02-22 18:52:16
864,869,658.0,2012-12-27 20:18:17,1997-07-25 02:32:49,kujui,290,rnxyg,imsrn,964,933,220,529,831,456,skxrw,145,529,32,True,2013-08-23 03:38:11,1987-11-22 21:21:43
865,870,715.0,2009-11-24 11:43:25,1981-12-12 05:34:43,fykum,307,hjrko,minoj,917,477,731,579,1015,601,spmnw,727,183,499,False,2015-12-18 15:00:49,2007-08-08 05:36:28
866,871,148.0,1995-07-27 10:56:36,1989-10-12 09:35:22,rwxyj,958,xuslm,rzxvw,1015,774,789,612,101,668,cevkl,541,71,889,True,1972-12-17 17:54:34,2013-06-12 14:22:14
867,872,603.0,1974-03-12 05:08:45,2001-03-17 19:45:28,uhklv,870,qldvx,viekg,336,311,456,719,578,460,bprgc,356,10,826,False,2021-05-19 17:46:53,2004-01-27 05:06:28
868,873,706.0,1985-01-29 12:25:24,2022-05-18 02:56:05,bbylm,876,hfewv,tbkkw,142,189,622,406,189,285,tmidc,321,356,730,True,1973-07-19 12:49:54,2022-06-17 14:56:55
869,874,906.0,1975-12-24 04:17:36,1975-05-12 23:45:19,gnvqy,167,xwplm,hfdru,668,725,861,112,1000,639,ysmki,504,469,259,False,1983-04-03 16:59:22,2021-08-19 17:42:31
870,875,394.0,2019-05-23 04:14:14,1974-09-09 23:42:04,peelv,306,yrgbr,nuepp,965,940,973,127,334,750,rmfuq,150,449,810,False,1983-12-12 02:32:31,2007-02-15 07:53:55
871,876,525.0,1983-06-02 16:11:14,1973-02-11 15:31:59,kjmhr,895,wugpb,rxivb,782,628,118,506,1008,27,gauij,31,796,692,False,2015-04-10 23:22:52,1990-11-19 00:29:40
875,880,1009.0,1975-10-14 07:42:27,2000-07-23 04:16:13,ybjdg,389,nfugu,kpiis,189,458,897,433,450,634,xplck,998,458,888,True,2005-04-21 10:39:01,2009-05-04 09:17:57
880,885,997.0,2018-05-07 10:03:52,2004-07-01 06:53:55,gdpbo,31,lfpnp,ykfnw,676,825,922,101,439,364,xdwsj,340,8,419,False,2015-10-24 09:23:53,2010-09-06 16:24:06
881,886,13.0,2000-06-16 06:38:32,1975-02-08 01:02:17,zwhwu,656,uetwf,hprwu,148,28,640,278,1003,837,yeusw,882,827,777,False,2008-08-07 14:48:26,1975-06-20 13:40:40
882,887,78.0,1992-11-30 12:22:00,2010-09-05 22:55:37,mfwvw,632,rymyh,umncg,930,477,729,108,955,748,rfygj,864,30,427,False,1999-04-09 20:35:04,1988-01-12 10:02:20
884,889,634.0,1970-02-25 11:01:02,1972-03-30 02:30:46,iitmq,37,deemv,sgvsl,283,742,458,775,54,74,ptjyh,213,265,607,True,2023-04-26 07:09:48,1994-08-22 16:08:23
886,891,983.0,2001-08-13 23:51:54,2007-11-14 17:24:02,ksomc,472,fncwb,xgjak,424,56,262,479,636,704,vzkyu,761,144,241,False,1972-09-24 00:26:10,1971-09-06 22:10:44
889,894,1007.0,2009-05-25 03:52:17,1981-08-10 06:06:14,vkmbf,604,jtkbu,pltwt,755,675,405,998,996,821,hxtvg,428,579,1017,True,2008-10-12 18:48:24,1989-01-30 11:25:46
891,896,75.0,1993-01-22 00:53:52,1971-04-12 18:17:17,mgthl,416,rlkeo,torqc,495,1002,513,368,749,559,fcvmz,355,74,85,False,2013-06-22 11:40:10,1988-10-01 10:18:05
893,898,92.0,2021-12-30 05:59:26,2001-01-02 20:40:36,eaocl,858,nahem,mlqbv,649,576,843,996,764,99,hdock,985,469,597,False,1993-07-26 00:12:17,1991-01-29 16:21:29
897,902,57.0,1981-05-20 14:12:44,1989-12-07 01:21:47,fnbkc,387,fvkyw,kloef,70,933,440,509,1013,557,lvvqt,107,256,856,True,1978-09-24 12:36:20,1981-01-19 14:08:59
900,905,402.0,2021-05-20 04:04:30,1972-07-07 20:47:25,tqsqm,267,fuqqm,rzjvk,294,987,172,882,276,401,squjt,928,240,862,False,1988-01-10 12:09:56,2020-12-19 20:47:17
902,907,476.0,2001-05-25 19:52:25,2016-07-28 04:25:50,pcoxr,920,whddn,riwul,897,270,618,764,430,506,dlvkt,58,237,841,True,2003-09-08 19:28:25,1986-03-19 13:44:06
904,909,910.0,1980-08-19 17:43:09,1983-04-20 02:07:58,lmplc,246,znuiq,dkowd,705,395,904,327,504,281,ukixw,873,876,269,True,2013-12-10 23:50:06,2020-09-22 07:58:41
905,910,966.0,2003-12-01 02:15:07,1987-12-25 15:38:20,fhijf,466,yyyke,qjeao,606,1009,266,26,527,134,dsdgi,289,219,478,True,2008-05-31 21:20:33,1981-01-17 04:44:33
909,914,653.0,1975-06-22 23:45:07,1971-06-02 07:37:17,epanj,171,qszdx,obped,118,350,671,518,535,323,tnsmm,184,333,67,True,2008-11-08 10:00:49,2014-09-09 18:43:03
910,915,435.0,1979-02-02 08:49:35,2003-02-16 14:40:57,ycvtr,144,lyonc,qtugj,277,219,625,577,320,958,msysw,453,548,824,False,2022-06-03 19:56:22,2005-02-07 12:20:06
913,918,646.0,1981-10-28 04:46:26,2015-04-02 04:59:25,wipqd,434,zpcua,bpwoa,198,135,501,1018,619,722,ffavu,916,383,810,False,1999-10-23 09:43:46,2013-06-30 03:28:14
919,924,111.0,1995-06-29 11:27:23,2001-05-08 06:17:18,sjcrl,457,texbt,lrwgf,469,85,185,396,287,794,xclem,562,65,188,False,1979-12-23 18:07:23,1995-02-18 18:45:10
920,925,64.0,1994-09-26 03:28:04,1993-05-17 13:43:57,bevsw,415,mrzoh,ltqay,569,585,36,569,745,855,xjmbc,499,583,510,True,1997-01-19 04:45:11,2015-03-11 11:19:21
927,932,26.0,2010-06-12 11:31:47,2006-03-10 17:08:26,hhian,1004,qtdxg,gwkku,39,579,616,100,170,934,gbvqx,555,182,233,True,1993-12-28 04:11:48,1991-08-15 00:55:06
928,933,190.0,2000-05-03 19:16:39,2019-09-23 03:01:28,yycte,716,sddeh,tgnny,987,274,689,557,297,799,ctxdy,73,198,757,True,1970-12-28 01:03:44,1972-07-12 08:17:03
929,934,28.0,2011-06-23 22:34:38,1986-10-01 20:42:53,zoezy,725,mmodj,picty,479,414,861,918,851,869,ddtcb,38,233,10,True,1973-03-09 10:38:04,1993-06-08 01:22:20
930,935,892.0,2018-02-27 23:53:14,2017-03-22 16:07:17,eghxe,198,mhstx,mqhld,388,207,17,463,696,506,yqvkd,612,931,662,False,1997-11-24 04:56:10,1993-02-22 02:05:53
933,938,391.0,1994-07-12 03:05:01,1992-05-15 19:48:34,verhm,788,srkjs,ywiir,285,669,293,493,409,773,fqkpj,717,967,230,True,2008-01-25 22:32:52,1970-10-16 00:21:28
934,939,470.0,1979-03-11 08:30:21,1982-01-24 02:59:13,fmnvl,985,pnsfp,plwia,1019,738,226,346,253,656,swqub,392,342,744,True,2019-05-24 02:48:57,2006-06-04 02:12:55
935,940,885.0,2004-02-29 17:44:10,1979-03-02 15:16:37,fpuzp,747,lnttq,ithhy,189,469,808,604,656,865,nsbbq,549,919,849,True,1975-07-26 10:41:47,2011-07-11 12:35:14
936,941,99.0,1976-03-22 17:33:01,2003-05-05 04:53:20,aystm,375,gtcrs,wwcqs,704,697,129,751,839,293,lkcnw,153,944,828,False,2010-12-01 02:31:13,1998-06-17 02:31:23
937,942,202.0,2014-03-15 15:54:04,1972-04-12 23:22:53,oqxbm,344,duyuw,tskxt,413,80,279,621,669,300,wzuxo,38,389,451,False,1975-12-03 04:22:08,2003-10-31 17:30:42
942,947,698.0,1992-11-15 19:12:34,2013-04-01 18:09:07,jgedx,917,fbdpm,kiteo,196,247,766,851,93,959,mkvjj,974,47,610,False,2000-01-22 05:36:48,2015-05-27 17:31:08
944,949,44.0,1975-12-02 13:27:17,1989-02-27 22:02:39,yrhwr,810,xsmny,likle,73,41,256,495,706,578,faute,37,696,839,False,2019-01-13 12:31:25,1979-05-06 21:13:30
949,954,401.0,1996-07-02 05:47:52,1971-05-03 19:40:20,nysdf,234,gzxsh,oxiah,957,324,916,485,589,594,fnnsp,532,333,54,True,1997-03-28 02:32:37,2015-12-14 21:10:09
952,957,403.0,1997-06-12 05:23:21,1979-02-09 09:11:42,fwsel,896,ecppf,fieek,398,190,382,944,313,293,nbsrt,765,744,377,False,2013-11-11 18:10:39,1979-12-23 18:21:56
953,958,891.0,2019-05-22 03:24:46,1990-01-23 19:53:17,uesoq,497,hebcq,jkrcf,775,746,692,937,845,89,rdpmp,302,347,447,True,2011-06-13 14:31:36,2023-01-06 22:53:54
957,962,511.0,1974-12-22 10:04:19,1988-09-18 08:33:47,ibidl,266,vklhh,gpwpl,725,961,136,674,791,856,jxdsg,392,623,715,True,2004-06-02 00:35:06,1988-09-07 05:33:15
958,963,473.0,2015-03-18 06:52:27,1992-12-17 10:18:04,vmlwc,897,iouxv,ulxlh,1013,971,446,109,53,237,ckzua,574,482,619,False,1994-10-06 22:10:02,1992-03-27 10:25:34
961,966,331.0,2022-05-15 04:22:48,2006-07-25 13:49:42,rnmyc,189,heueh,doxrv,90,77,676,777,761,888,shwoi,961,323,719,False,2004-07-06 22:18:18,2015-07-16 15:22:34
963,968,564.0,2001-06-29 14:06:26,2007-12-05 17:23:49,iarpl,704,sctnp,iswer,449,401,782,704,367,806,wqyol,856,261,843,False,1987-04-01 20:38:40,1987-07-22 05:02:25
965,970,133.0,2022-01-19 14:48:55,2012-09-13 12:24:52,hrtds,908,kdagi,hxivv,394,697,631,403,378,646,wwyku,476,50,636,True,1994-11-26 04:54:38,1983-06-03 07:50:07
967,972,809.0,2020-11-28 22:22:24,1989-10-29 09:51:51,mrlgv,761,sranr,qwyhq,646,376,1015,241,272,172,rhdeb,401,236,356,True,1993-09-13 07:21:10,1978-09-26 05:09:17
968,973,263.0,1996-01-21 09:46:50,1996-08-21 22:36:20,cxuzi,615,qmhrx,uzbkf,373,318,189,377,536,616,nvjhx,1009,818,767,True,2002-10-15 09:52:50,2018-02-26 23:26:29
973,978,369.0,1983-02-28 01:15:54,1976-02-29 00:39:34,libvq,182,plscl,sxtqj,250,9,417,700,722,936,poeqp,891,757,1010,True,1996-06-27 07:57:39,2002-05-10 02:52:33
974,979,802.0,2023-06-30 23:03:19,1983-09-07 16:23:51,irofr,154,hxbsi,vhinj,175,867,429,148,704,524,knwsj,511,971,239,False,1977-09-24 03:57:52,2007-11-06 18:45:06
983,988,833.0,1988-01-08 20:21:40,2010-12-04 14:36:23,pglfv,852,hnprq,yieuj,304,307,346,807,817,553,shyzw,231,569,947,False,1997-06-22 04:48:38,2016-02-17 12:17:25
984,989,30.0,1988-07-01 03:06:47,1971-05-17 21:34:25,cjksi,400,xqmzt,aborw,22,504,266,265,723,834,qhdxt,486,327,197,True,1977-01-30 22:37:57,1996-11-12 20:18:37
988,993,436.0,1972-06-26 03:19:30,1987-12-24 16:48:19,umpqd,492,pblzo,mnois,418,267,433,586,51,908,fwsso,562,65,631,True,1999-02-06 21:18:32,1972-09-16 11:04:54
990,995,203.0,2022-10-29 06:22:54,1994-09-16 21:54:25,slhbu,427,xvtmq,olmyz,435,387,493,953,365,689,prsvq,776,616,892,True,1971-11-22 15:10:29,2015-03-20 16:50:18
992,997,183.0,1980-12-17 17:55:51,2008-06-07 14:07:05,jtfmo,124,bhvnx,oiwlr,609,923,99,518,294,82,qfwsw,511,743,275,False,2010-10-13 10:00:16,2011-02-10 13:08:22
995,1000,236.0,1992-11-21 04:20:54,2019-01-14 02:39:12,xeure,124,mumsn,enmib,113,924,419,468,496,215,tachc,983,906,1020,False,2019-05-16 04:22:39,1986-06-30 05:45:52
